genre,country,n_movies,dur_q1,dur_q3,max_duration,min_duration,avg_duration
comédie,Afghanistan,2,84,90,90,84,87.0
conte,Afghanistan,1,20,20,20,20,20.0
dramatique,Afghanistan,1,95,95,95,95,95.0
drame,Afghanistan,2,83,85,85,83,84.0
film,Afghanistan,1,112,112,112,112,112.0
comédie,Albanie,1,89,89,89,89,89.0
dramatique,Albanie,1,104,104,104,104,104.0
drame,Albanie,7,80,103,106,78,90.28571428571429
film,Albanie,1,90,90,90,90,90.0
policier,Albanie,1,91,91,91,91,91.0
action,Algérie,1,90,90,90,90,90.0
animation,Algérie,1,13,13,13,13,13.0
aventure,Algérie,1,113,113,113,113,113.0
comédie,Algérie,14,80,110,116,35,89.5
documentaire,Algérie,10,52,100,120,35,77.7
dramatique,Algérie,2,99,110,110,99,104.5
drame,Algérie,49,95,116,195,22,107.24489795918367
film,Algérie,2,100,110,110,100,105.0
guerre,Algérie,5,95,170,178,90,130.8
policier,Algérie,2,100,118,118,100,109.0
thriller,Algérie,1,98,98,98,98,98.0
unknown,Algérie,4,105,117,165,105,123.5
action,Allemagne,31,92,109,184,30,102.09677419354838
animation,Allemagne,32,80,92,111,3,81.03125
aventure,Allemagne,28,84,101,126,76,95.25
aventures,Allemagne,14,90,114,155,84,103.14285714285714
biographie,Allemagne,28,102,125,450,60,132.17857142857142
biographique,Allemagne,7,95,120,127,84,107.14285714285714
biopic,Allemagne,27,94,123,187,60,108.44444444444444
casse,Allemagne,1,86,86,86,86,86.0
catastrophe,Allemagne,1,90,90,90,90,90.0
cinéma,Allemagne,1,60,60,60,60,60.0
comique,Allemagne,1,84,84,84,84,84.0
comédie,Allemagne,470,88,100,165,24,94.02127659574468
conte,Allemagne,12,65,82,106,57,78.66666666666667
court,Allemagne,8,8,28,30,7,18.125
crime,Allemagne,2,89,118,118,89,103.5
docufiction,Allemagne,4,88,224,312,88,178.5
documentaire,Allemagne,92,81,100,553,13,95.58695652173913
drama,Allemagne,1,69,69,69,69,69.0
dramatique,Allemagne,19,95,106,126,50,98.05263157894737
drame,Allemagne,666,90,112,285,10,103.25825825825825
dystopique,Allemagne,1,124,124,124,124,124.0
espionnage,Allemagne,16,90,105,178,80,104.0
essai,Allemagne,2,60,60,60,60,60.0
expérimental,Allemagne,6,29,92,442,3,110.5
fantastique,Allemagne,22,91,113,288,79,110.68181818181819
fantasy,Allemagne,4,50,90,94,50,81.0
film,Allemagne,201,88,106,180,15,96.22388059701493
giallo,Allemagne,5,83,91,91,80,86.2
gore,Allemagne,2,72,83,83,72,77.5
guerre,Allemagne,18,94,115,149,88,107.11111111111111
heimatfilm,Allemagne,4,90,97,97,90,94.75
histoire,Allemagne,1,110,110,110,110,110.0
historique,Allemagne,19,92,115,125,73,102.10526315789474
horreur,Allemagne,38,88,102,146,44,93.42105263157895
jeunesse,Allemagne,1,60,60,60,60,60.0
juridique,Allemagne,1,99,99,99,99,99.0
kammerspiel,Allemagne,1,66,66,66,66,66.0
musical,Allemagne,33,90,103,115,15,93.81818181818181
mélodrame,Allemagne,9,88,99,106,80,93.55555555555556
pirates,Allemagne,1,107,107,107,107,107.0
policier,Allemagne,59,88,97,211,73,96.05084745762711
poliziottesco,Allemagne,2,93,94,94,93,93.5
pornographique,Allemagne,1,117,117,117,117,117.0
procès,Allemagne,1,84,84,84,84,84.0
propagande,Allemagne,9,94,101,121,85,99.55555555555556
péplum,Allemagne,4,88,100,100,88,95.5
road,Allemagne,1,95,95,95,95,95.0
romance,Allemagne,12,77,112,127,56,92.33333333333333
romantique,Allemagne,5,90,99,105,81,93.0
satire,Allemagne,1,108,108,108,108,108.0
schlagerfilm,Allemagne,1,95,95,95,95,95.0
science,Allemagne,1,95,95,95,95,95.0
science-fiction,Allemagne,20,90,113,172,23,102.55
slasher,Allemagne,1,84,84,84,84,84.0
sport,Allemagne,1,95,95,95,95,95.0
thriler,Allemagne,1,82,82,82,82,82.0
thriller,Allemagne,71,90,117,297,38,108.16901408450704
téléfilm,Allemagne,2,70,93,93,70,81.5
unknown,Allemagne,63,86,106,145,52,95.66666666666667
western,Allemagne,32,91,103,122,89,99.6875
érotico,Allemagne,1,103,103,103,103,103.0
érotique,Allemagne,17,85,90,96,80,88.29411764705883
comédie,"Allemagne,",2,94,107,107,94,100.5
drame,"Allemagne,",2,109,112,112,109,110.5
film,"Allemagne,",3,60,92,92,60,80.33333333333333
unknown,"Allemagne,",1,94,94,94,94,94.0
drame,Américain,1,134,134,134,134,134.0
docu-fiction,Andorre,1,73,73,73,73,73.0
biographie,Angleterre,1,117,117,117,117,117.0
comédie,Angleterre,2,91,98,98,91,94.5
documentaire,Angleterre,1,87,87,87,87,87.0
drame,Angleterre,5,95,97,99,36,84.6
film,Angleterre,1,66,66,66,66,66.0
romance,Angleterre,1,90,90,90,90,90.0
unknown,Angleterre,1,85,85,85,85,85.0
drame,"Angleterre,",1,11,11,11,11,11.0
documentaire,Angola,2,54,66,66,54,60.0
drame,Angola,3,90,97,97,90,92.33333333333333
unknown,Angola,1,52,52,52,52,52.0
animation,Arabie,1,96,96,96,96,96.0
drame,Arabie,1,111,111,111,111,111.0
film,Arabie,1,98,98,98,98,98.0
huis,Arabie,1,108,108,108,108,108.0
animation,Argentine,7,81,90,107,80,87.85714285714286
aventure,Argentine,1,115,115,115,115,115.0
biographie,Argentine,1,74,74,74,74,74.0
biopic,Argentine,1,112,112,112,112,112.0
comédie,Argentine,44,90,109,136,3,96.75
court,Argentine,1,9,9,9,9,9.0
documentaire,Argentine,13,85,115,260,52,106.84615384615384
dramatique,Argentine,1,120,120,120,120,120.0
drame,Argentine,130,85,107,245,63,98.52307692307693
film,Argentine,14,75,113,177,68,97.14285714285714
horreur,Argentine,4,87,99,109,87,96.25
musical,Argentine,1,60,60,60,60,60.0
policier,Argentine,4,90,105,127,90,103.5
politique,Argentine,1,70,70,70,70,70.0
road,Argentine,3,88,126,126,88,103.66666666666667
romance,Argentine,1,83,83,83,83,83.0
science-fiction,Argentine,2,88,89,89,88,88.5
thriller,Argentine,14,100,114,190,82,110.85714285714286
unknown,Argentine,17,85,107,814,3,133.76470588235293
western,Argentine,3,98,130,130,98,112.66666666666667
unknown,"Argentine,",1,100,100,100,100,100.0
action,Arménie,1,98,98,98,98,98.0
comédie,Arménie,1,107,107,107,107,107.0
documentaire,Arménie,1,60,60,60,60,60.0
drame,Arménie,1,91,91,91,91,91.0
film,Arménie,2,53,101,101,53,77.0
action,Australie,15,90,108,119,85,98.2
animation,Australie,17,51,90,100,15,70.52941176470588
aventure,Australie,14,93,109,115,88,100.78571428571429
aventures,Australie,5,90,103,136,90,104.0
biographique,Australie,1,120,120,120,120,120.0
biopic,Australie,6,94,116,117,70,101.83333333333333
catastrophe,Australie,1,92,92,92,92,92.0
comédie,Australie,55,93,105,118,11,96.03636363636363
court,Australie,2,7,10,10,7,8.5
documentaire,Australie,9,68,90,120,9,74.55555555555556
dramatique,Australie,2,89,114,114,89,101.5
drame,Australie,89,93,110,408,13,103.32584269662921
famille,Australie,1,104,104,104,104,104.0
fantastique,Australie,1,90,90,90,90,90.0
film,Australie,22,90,118,192,41,107.63636363636364
guerre,Australie,2,110,131,131,110,120.5
histoire,Australie,1,107,107,107,107,107.0
historique,Australie,1,102,102,102,102,102.0
horeur,Australie,1,88,88,88,88,88.0
horreur,Australie,31,89,98,109,14,90.09677419354838
installation,Australie,1,130,130,130,130,130.0
mystère,Australie,1,115,115,115,115,115.0
néo-,Australie,1,95,95,95,95,95.0
policier,Australie,4,86,108,113,86,101.5
post-apocalyptique,Australie,1,90,90,90,90,90.0
science-fiction,Australie,20,95,114,148,83,105.45
thriller,Australie,29,94,110,124,87,101.79310344827586
thriller;,Australie,1,121,121,121,121,121.0
téléfilm,Australie,1,180,180,180,180,180.0
unknown,Australie,16,52,98,123,9,75.5
western,Australie,2,102,104,104,102,103.0
film,"Australie,",1,96,96,96,96,96.0
unknown,"Australie,",1,70,70,70,70,70.0
action,Autriche,1,90,90,90,90,90.0
animation,Autriche,1,14,14,14,14,14.0
biopic,Autriche,5,96,105,110,95,101.2
comédie,Autriche,105,89,96,125,64,92.75238095238095
court,Autriche,1,8,8,8,8,8.0
documentaire,Autriche,13,89,110,204,67,104.46153846153847
dramatique,Autriche,1,450,450,450,450,450.0
drame,Autriche,120,90,107,183,34,100.03333333333333
espionnage,Autriche,5,90,100,102,88,94.4
film,Autriche,32,91,108,121,5,98.96875
heimatfilm,Autriche,1,88,88,88,88,88.0
historique,Autriche,3,95,136,136,95,116.33333333333333
horreur,Autriche,5,92,97,100,83,93.0
musical,Autriche,22,95,105,110,84,99.0909090909091
policier,Autriche,8,87,96,104,87,94.0
romance,Autriche,1,94,94,94,94,94.0
romantique,Autriche,8,88,100,102,86,95.125
thriller,Autriche,9,87,98,108,82,94.22222222222223
unknown,Autriche,5,100,106,124,12,89.0
western,Autriche,1,114,114,114,114,114.0
érotique,Autriche,1,81,81,81,81,81.0
comédie,Autriche-Hongrie,2,19,63,63,19,41.0
documentaire,Azerbaïdjan,1,118,118,118,118,118.0
drame,Azerbaïdjan,1,80,80,80,80,80.0
drame,Bahamas,1,104,104,104,104,104.0
drame,Bangladesh,8,95,128,159,83,115.75
action,Belgique,2,85,96,96,85,90.5
animation,Belgique,36,11,86,99,5,58.75
aventure,Belgique,3,77,90,90,77,85.0
aventures,Belgique,2,78,109,109,78,93.5
biographie,Belgique,2,102,108,108,102,105.0
biographique,Belgique,1,18,18,18,18,18.0
biopic,Belgique,2,119,260,260,119,189.5
cinéma,Belgique,1,78,78,78,78,78.0
comédie,Belgique,117,84,100,135,7,90.3076923076923
court,Belgique,12,9,20,29,5,16.583333333333332
dessin,Belgique,1,7,7,7,7,7.0
documentaire,Belgique,66,52,88,270,5,71.93939393939394
dramatique,Belgique,7,85,127,139,73,101.85714285714286
drame,Belgique,175,86,105,201,16,92.82285714285715
essai,Belgique,1,56,56,56,56,56.0
expérimental,Belgique,1,81,81,81,81,81.0
fantastique,Belgique,2,28,71,71,28,49.5
fiction,Belgique,1,15,15,15,15,15.0
film,Belgique,35,70,102,135,21,85.71428571428571
giallo,Belgique,2,102,105,105,102,103.5
guerre,Belgique,5,100,102,106,92,100.2
horreur,Belgique,8,78,95,104,75,89.375
long-métrage,Belgique,1,80,80,80,80,80.0
polar,Belgique,1,105,105,105,105,105.0
policier,Belgique,5,88,90,120,82,94.0
romance,Belgique,2,80,80,80,80,80.0
romantique,Belgique,1,85,85,85,85,85.0
science-fiction,Belgique,2,27,130,130,27,78.5
thriller,Belgique,25,94,115,132,82,102.68
unknown,Belgique,27,30,87,119,11,61.851851851851855
érotique,Belgique,1,92,92,92,92,92.0
comédie,"Belgique,",1,102,102,102,102,102.0
drame,"Belgique,",2,90,111,111,90,100.5
policier,"Belgique,",1,100,100,100,100,100.0
drame,Bhoutan,1,109,109,109,109,109.0
film,Bhoutan,1,90,90,90,90,90.0
mystère,Bhoutan,1,132,132,132,132,132.0
unknown,Bhoutan,3,107,110,110,107,108.0
documentaire,Biélorussie,1,53,53,53,53,53.0
drame,Biélorussie,2,95,117,117,95,106.0
guerre,Biélorussie,1,138,138,138,138,138.0
dramatique,Bolivie,1,80,80,80,80,80.0
drame,Bolivie,3,87,128,128,87,105.66666666666667
film,Bolivie,2,90,104,104,90,97.0
thriller,Bolivie,1,70,70,70,70,70.0
unknown,Bolivie,1,72,72,72,72,72.0
comédie,Bosnie-Herzégovine,2,105,113,113,105,109.0
dramatique,Bosnie-Herzégovine,1,70,70,70,70,70.0
drame,Bosnie-Herzégovine,10,89,107,110,75,96.3
film,Bosnie-Herzégovine,1,72,72,72,72,72.0
biographique,Botswana,1,111,111,111,111,111.0
action,Brésil,7,105,134,155,105,118.85714285714286
animation,Brésil,8,50,81,90,44,72.375
aventure,Brésil,5,84,110,200,72,111.2
aventures,Brésil,2,86,97,97,86,91.5
biographie,Brésil,2,116,125,125,116,120.5
biopic,Brésil,3,92,130,130,92,109.33333333333333
comédie,Brésil,40,90,106,140,46,100.05
court,Brésil,5,11,17,21,2,13.0
documentaire,Brésil,27,60,105,150,15,86.33333333333333
dramatique,Brésil,7,81,97,113,80,93.14285714285714
drame,Brésil,125,91,115,163,17,102.528
fantastique,Brésil,2,90,135,135,90,112.5
fantasy,Brésil,1,80,80,80,80,80.0
film,Brésil,27,86,107,130,5,94.96296296296296
horreur,Brésil,2,86,108,108,86,97.0
musical,Brésil,1,100,100,100,100,100.0
policier,Brésil,3,90,120,120,90,106.66666666666667
pornographie,Brésil,1,62,62,62,62,62.0
romance,Brésil,3,92,106,106,92,99.33333333333333
science-fiction,Brésil,1,80,80,80,80,80.0
thriller,Brésil,4,95,105,105,95,101.5
unknown,Brésil,19,86,115,185,15,100.73684210526316
western,Brésil,1,75,75,75,75,75.0
women,Brésil,1,188,188,188,188,188.0
épouvante,Brésil,4,80,93,98,80,90.5
drame,"Brésil,",1,98,98,98,98,98.0
action,Bulgarie,1,86,86,86,86,86.0
comédie,Bulgarie,4,87,97,98,87,92.5
drame,Bulgarie,36,96,111,323,77,111.02777777777777
film,Bulgarie,3,75,95,95,75,85.33333333333333
horreur,Bulgarie,3,90,115,115,90,100.0
animation,Burkina,1,3,3,3,3,3.0
comique,Burkina,1,90,90,90,90,90.0
comédie,Burkina,4,83,90,100,83,89.5
court,Burkina,1,20,20,20,20,20.0
docu-fiction,Burkina,1,19,19,19,19,19.0
documentaire,Burkina,8,38,67,72,13,54.125
drame,Burkina,10,81,96,105,31,82.3
fiction,Burkina,1,90,90,90,90,90.0
film,Burkina,7,11,75,90,6,39.142857142857146
politique,Burkina,1,95,95,95,95,95.0
unknown,Burkina,9,2,95,100,2,49.111111111111114
aventure,Bénin,1,97,97,97,97,97.0
documentaire,Bénin,3,52,78,78,52,67.0
drame,Bénin,2,79,210,210,79,144.5
unknown,Bénin,2,26,95,95,26,60.5
action,Cambodge,1,100,100,100,100,100.0
documentaire,Cambodge,6,66,88,90,58,77.83333333333333
drame,Cambodge,3,90,120,120,90,105.33333333333333
animation,Cameroun,2,80,113,113,80,96.5
comédie,Cameroun,3,80,94,94,80,84.66666666666667
documentaire,Cameroun,5,61,80,86,52,70.8
drame,Cameroun,6,90,98,143,90,102.33333333333333
fiction,Cameroun,1,21,21,21,21,21.0
film,Cameroun,2,76,174,174,76,125.0
unknown,Cameroun,7,52,83,100,52,70.0
action,Canada,38,92,100,117,86,96.1842105263158
animation,Canada,59,12,80,93,5,51.11864406779661
anticipation,Canada,1,98,98,98,98,98.0
aventure,Canada,10,86,100,180,83,100.9
aventures,Canada,3,88,108,108,88,97.33333333333333
biographie,Canada,8,95,120,185,92,121.75
biographique,Canada,1,134,134,134,134,134.0
biopic,Canada,6,99,105,105,99,102.33333333333333
catastrophe,Canada,2,96,108,108,96,102.0
comedie,Canada,1,121,121,121,121,121.0
comédie,Canada,190,88,101,165,3,91.88947368421053
court,Canada,7,7,13,27,4,11.142857142857142
court-métrage,Canada,2,6,10,10,6,8.0
dessin,Canada,2,75,83,83,75,79.0
docu-fiction,Canada,1,121,121,121,121,121.0
docufiction,Canada,4,66,95,95,66,86.0
documentaire,Canada,122,52,90,873,3,79.79508196721312
dramatique,Canada,12,88,94,135,84,95.66666666666667
drame,Canada,308,90,107,259,11,98.46753246753246
exploitation,Canada,1,86,86,86,86,86.0
famille,Canada,1,90,90,90,90,90.0
fantastique,Canada,19,90,97,240,72,103.73684210526316
fantasy,Canada,2,90,93,93,90,91.5
fiction,Canada,2,21,21,21,21,21.0
film,Canada,83,87,109,200,40,97.7710843373494
guerre,Canada,2,113,114,114,113,113.5
historique,Canada,3,92,120,120,92,104.33333333333333
horreur,Canada,86,90,97,125,82,94.15116279069767
mafia,Canada,1,170,170,170,170,170.0
mélodrame,Canada,1,104,104,104,104,104.0
noël,Canada,1,87,87,87,87,87.0
paranormal,Canada,1,89,89,89,89,89.0
policier,Canada,8,86,91,120,84,95.0
poliziottesco,Canada,1,95,95,95,95,95.0
romance,Canada,4,84,91,112,84,94.0
science-fiction,Canada,33,90,100,117,65,95.3030303030303
slasher,Canada,3,80,94,94,80,87.66666666666667
suspense,Canada,1,104,104,104,104,104.0
thriller,Canada,75,90,105,172,80,99.34666666666666
unknown,Canada,67,47,104,150,2,76.83582089552239
western,Canada,1,184,184,184,184,184.0
épouvante-horreur,Canada,2,91,135,135,91,113.0
érotique,Canada,1,94,94,94,94,94.0
animation,"Canada,",1,76,76,76,76,76.0
comédie,"Canada,",4,85,105,113,85,100.0
drame,"Canada,",3,98,161,161,98,140.0
fiction,"Canada,",1,81,81,81,81,81.0
film,"Canada,",2,78,91,91,78,84.5
thriller,"Canada,",2,90,100,100,90,95.0
documentaire,Cap-Vert,2,52,80,80,52,66.0
unknown,Cap-Vert,1,110,110,110,110,110.0
drame,Catalogne,1,103,103,103,103,103.0
animation,Chili,4,75,88,98,75,85.25
biographie,Chili,1,107,107,107,107,107.0
biographique,Chili,2,128,130,130,128,129.0
biopic,Chili,2,91,95,95,91,93.0
catastrophe,Chili,1,90,90,90,90,90.0
comédie,Chili,9,90,100,110,87,95.88888888888889
court,Chili,1,11,11,11,11,11.0
documentaire,Chili,8,82,90,265,27,103.0
dramatique,Chili,3,91,104,104,91,96.33333333333333
drame,Chili,33,89,99,135,77,95.42424242424242
film,Chili,6,98,110,117,95,103.0
policier,Chili,1,90,90,90,90,90.0
thriller,Chili,1,95,95,95,95,95.0
unknown,Chili,3,96,108,108,96,101.33333333333333
action,Chine,49,103,122,139,85,111.87755102040816
animation,Chine,15,85,112,118,19,94.33333333333333
arts,Chine,1,114,114,114,114,114.0
aventure,Chine,5,85,110,118,65,93.4
aventures,Chine,1,114,114,114,114,114.0
biopic,Chine,2,101,125,125,101,113.0
catastrophe,Chine,3,97,111,111,97,105.0
comédie,Chine,51,96,118,159,71,109.19607843137256
court,Chine,2,14,27,27,14,20.5
documentaire,Chine,16,86,153,840,68,194.125
dramatique,Chine,3,109,117,117,109,113.33333333333333
drame,Chine,110,97,126,234,19,113.81818181818181
fantastique,Chine,6,101,120,129,100,111.66666666666667
fantasy,Chine,2,130,148,148,130,139.0
film,Chine,12,96,127,148,46,110.91666666666667
guerre,Chine,7,96,149,176,86,126.71428571428571
historique,Chine,1,288,288,288,288,288.0
horreur,Chine,2,105,113,113,105,109.0
policier,Chine,5,101,108,120,90,105.0
romance,Chine,1,137,137,137,137,137.0
science-fiction,Chine,5,96,110,125,15,90.6
thriller,Chine,5,98,116,118,94,107.6
unknown,Chine,9,96,112,125,90,103.77777777777777
wu,Chine,3,96,128,128,96,114.33333333333333
drame,Cinéma,2,60,80,80,60,70.0
animation,Colombie,1,76,76,76,76,76.0
biographie,Colombie,1,93,93,93,93,93.0
comédie,Colombie,1,88,88,88,88,88.0
crime,Colombie,1,86,86,86,86,86.0
documentaire,Colombie,5,25,25,120,25,44.0
dramatique,Colombie,1,98,98,98,98,98.0
drame,Colombie,24,88,115,180,16,97.29166666666667
expérimental,Colombie,1,29,29,29,29,29.0
film,Colombie,1,106,106,106,106,106.0
historique,Colombie,1,136,136,136,136,136.0
thriller,Colombie,1,97,97,97,97,97.0
unknown,Colombie,3,90,114,114,90,104.66666666666667
western,Colombie,1,98,98,98,98,98.0
documentaire,Comores,3,20,88,88,20,57.333333333333336
unknown,Comédie,1,81,81,81,81,81.0
action,Corée,74,108,126,148,88,117.4054054054054
animation,Corée,17,71,97,102,6,79.82352941176471
aventure,Corée,6,105,136,139,102,122.66666666666667
biographie,Corée,3,108,125,125,108,114.33333333333333
biopic,Corée,2,108,160,160,108,134.0
catastrophe,Corée,8,109,128,147,100,122.75
comédie,Corée,119,102,118,150,80,110.72268907563026
court,Corée,1,22,22,22,22,22.0
documentaire,Corée,4,95,109,149,95,112.75
dramatique,Corée,5,107,112,135,92,110.8
drame,Corée,262,99,121,168,26,108.8854961832061
espionnage,Corée,4,116,123,140,116,124.75
fantastique,Corée,7,87,139,141,30,101.85714285714286
film,Corée,13,100,136,158,12,114.07692307692308
guerre,Corée,9,108,119,136,96,115.77777777777777
historique,Corée,16,114,132,146,88,124.8125
horreur,Corée,27,94,115,134,84,105.85185185185185
mélodrame,Corée,3,30,119,119,30,81.66666666666667
néo-noir,Corée,1,104,104,104,104,104.0
policier,Corée,8,103,123,782,100,198.625
romance,Corée,11,90,107,122,13,92.27272727272727
science-fiction,Corée,17,101,122,142,80,112.6470588235294
suspense,Corée,2,109,122,122,109,115.5
thriller,Corée,82,102,125,163,31,113.6829268292683
unknown,Corée,20,89,113,144,10,97.6
zombies,Corée,2,98,121,121,98,109.5
comédie,Costa,1,101,101,101,101,101.0
dramatique,Costa,2,97,106,106,97,101.5
drame,Costa,1,82,82,82,82,82.0
animation,Croatie,1,81,81,81,81,81.0
aventure,Croatie,1,83,83,83,83,83.0
biopic,Croatie,1,100,100,100,100,100.0
comédie,Croatie,7,87,97,97,86,92.85714285714286
court,Croatie,1,7,7,7,7,7.0
dramatique,Croatie,2,123,155,155,123,139.0
drame,Croatie,12,85,97,125,22,88.41666666666667
unknown,Croatie,1,13,13,13,13,13.0
aventure,Cuba,1,98,98,98,98,98.0
comédie,Cuba,4,90,105,108,90,102.0
dessin,Cuba,1,69,69,69,69,69.0
documentaire,Cuba,3,75,85,85,75,80.0
drame,Cuba,13,93,113,130,68,101.76923076923077
ethnofiction,Cuba,1,71,71,71,71,71.0
fantastique,Cuba,1,80,80,80,80,80.0
horreur,Cuba,1,70,70,70,70,70.0
unknown,Cuba,4,103,112,160,103,121.0
action,Côte,1,70,70,70,70,70.0
animation,Côte,3,65,70,70,65,66.66666666666667
aventure,Côte,1,130,130,130,130,130.0
comédie,Côte,8,85,105,120,17,90.625
documentaire,Côte,2,13,13,13,13,13.0
drame,Côte,5,90,102,108,70,92.0
fiction,Côte,2,6,89,89,6,47.5
film,Côte,1,52,52,52,52,52.0
policier,Côte,1,85,85,85,85,85.0
unknown,Côte,10,52,90,93,32,74.1
action,Danemark,3,95,109,109,95,101.33333333333333
animation,Danemark,17,71,80,100,41,74.88235294117646
aventure,Danemark,7,80,92,97,77,87.14285714285714
biographie,Danemark,1,120,120,120,120,120.0
biopic,Danemark,8,102,120,159,100,120.625
comédie,Danemark,46,91,106,116,13,94.47826086956522
court,Danemark,1,23,23,23,23,23.0
court-métrage,Danemark,1,16,16,16,16,16.0
documentaire,Danemark,16,84,104,159,49,94.5
dramatique,Danemark,8,93,115,127,93,108.375
drame,Danemark,118,87,109,167,7,95.65254237288136
fantasy,Danemark,1,89,89,89,89,89.0
film,Danemark,14,84,105,108,8,89.5
guerre,Danemark,2,85,90,90,85,87.5
horreur,Danemark,4,87,93,106,87,94.25
noël,Danemark,1,117,117,117,117,117.0
policier,Danemark,7,86,100,121,78,95.28571428571429
romance,Danemark,3,98,119,119,98,105.66666666666667
science-fiction,Danemark,2,93,105,105,93,99.0
thriller,Danemark,23,91,112,152,84,104.04347826086956
tragicomédie,Danemark,1,106,106,106,106,106.0
tragédie,Danemark,1,115,115,115,115,115.0
unknown,Danemark,9,72,96,105,11,75.55555555555556
érotique,Danemark,1,99,99,99,99,99.0
action,"Danemark,",1,82,82,82,82,82.0
drame,"Danemark,",1,100,100,100,100,100.0
action,Empire,1,9,9,9,9,9.0
comédie,Empire,4,3,30,41,3,24.75
drame,Empire,24,20,53,103,6,40.416666666666664
fantasy,Empire,1,13,13,13,13,13.0
film,Empire,5,19,50,60,18,37.8
mélodrame,Empire,1,63,63,63,63,63.0
policier,Empire,1,65,65,65,65,65.0
unknown,Empire,5,15,50,600,6,143.0
action,Espagne,21,90,110,124,78,99.19047619047619
animation,Espagne,24,80,90,97,13,82.95833333333333
aventure,Espagne,24,94,116,145,86,107.33333333333333
aventures,Espagne,7,93,128,132,90,106.85714285714286
biographie,Espagne,3,115,120,120,115,117.66666666666667
biographique,Espagne,3,108,119,119,108,111.66666666666667
biopic,Espagne,13,100,119,130,80,107.53846153846153
catastrophe,Espagne,1,114,114,114,114,114.0
cinéma,Espagne,1,105,105,105,105,105.0
comédie,Espagne,265,90,106,165,6,97.22264150943396
conte,Espagne,3,73,98,98,73,88.33333333333333
court,Espagne,2,11,30,30,11,20.5
dark,Espagne,1,118,118,118,118,118.0
docudrame,Espagne,1,86,86,86,86,86.0
documentaire,Espagne,46,42,95,220,2,70.19565217391305
dramatique,Espagne,8,90,90,113,82,93.875
drame,Espagne,412,93,109,250,14,101.5995145631068
erotique,Espagne,1,89,89,89,89,89.0
espionnage,Espagne,5,90,94,96,87,92.2
essai,Espagne,1,92,92,92,92,92.0
expérimental,Espagne,1,61,61,61,61,61.0
fantastique,Espagne,8,90,101,104,85,95.375
fantasy,Espagne,1,118,118,118,118,118.0
fiction,Espagne,2,18,122,122,18,70.0
film,Espagne,69,85,100,162,5,90.7536231884058
giallo,Espagne,22,87,95,108,83,91.4090909090909
historique,Espagne,11,90,120,152,52,104.27272727272727
horreur,Espagne,46,88,101,125,73,94.80434782608695
mélodrame,Espagne,6,94,121,151,83,107.83333333333333
policier,Espagne,14,96,124,132,75,106.5
poliziottesco,Espagne,3,83,110,110,83,94.33333333333333
péplum,Espagne,2,107,126,126,107,116.5
road,Espagne,1,92,92,92,92,92.0
romance,Espagne,1,99,99,99,99,99.0
science-fiction,Espagne,10,94,110,116,65,99.4
super-héros,Espagne,1,88,88,88,88,88.0
suspense,Espagne,1,117,117,117,117,117.0
thriller,Espagne,78,95,116,139,86,106.62820512820512
unknown,Espagne,40,82,105,156,31,93.45
western,Espagne,31,85,95,106,31,89.61290322580645
women,Espagne,1,83,83,83,83,83.0
épouvante,Espagne,3,95,100,100,95,96.66666666666667
comédie,"Espagne,",1,93,93,93,93,93.0
horreur,"Espagne,",1,82,82,82,82,82.0
unknown,"Espagne,",1,112,112,112,112,112.0
western,"Espagne,",18,90,95,99,76,90.22222222222223
animation,Estonie,4,72,81,88,72,80.25
court,Estonie,2,15,18,18,15,16.5
dramatique,Estonie,1,102,102,102,102,102.0
drame,Estonie,6,90,115,124,87,103.66666666666667
film,Estonie,1,98,98,98,98,98.0
guerre,Estonie,2,95,100,100,95,97.5
unknown,Estonie,2,4,60,60,4,32.0
action,Etats-Unis,2,94,94,94,94,94.0
documentaire,"Etats-Unis,",1,86,86,86,86,86.0
unknown,Europe,1,138,138,138,138,138.0
action,Finlande,3,91,103,103,91,96.33333333333333
animation,Finlande,6,80,97,97,75,87.0
aventure,Finlande,1,96,96,96,96,96.0
biopic,Finlande,6,92,105,155,84,106.33333333333333
comédie,Finlande,45,82,97,118,60,89.86666666666666
court,Finlande,3,7,18,18,7,11.666666666666666
documentaire,Finlande,5,85,89,100,52,82.8
drame,Finlande,49,94,110,135,69,101.55102040816327
fantastique,Finlande,1,78,78,78,78,78.0
fantasy,Finlande,2,80,83,83,80,81.5
film,Finlande,3,110,199,199,110,163.33333333333334
guerre,Finlande,1,179,179,179,179,179.0
horreur,Finlande,5,83,86,87,33,74.8
policier,Finlande,1,125,125,125,125,125.0
science-fiction,Finlande,1,93,93,93,93,93.0
unknown,Finlande,5,10,129,195,7,93.4
action,France,120,90,104,126,5,96.05
adaptation,France,1,77,77,77,77,77.0
animation,France,247,57,85,113,3,65.20242914979757
anticipation,France,3,24,128,128,24,84.0
autobiographie,France,1,97,97,97,97,97.0
aventure,France,93,92,113,246,12,106.44086021505376
aventures,France,72,91,108,361,14,102.70833333333333
biblique,France,1,44,44,44,44,44.0
biographie,France,28,90,106,180,10,99.64285714285714
biographique,France,26,105,122,336,90,121.26923076923077
biopic,France,33,96,125,244,85,115.72727272727273
burlesque,France,1,4,4,4,4,4.0
business-thriller,France,1,105,105,105,105,105.0
cannibal,France,1,90,90,90,90,90.0
cape,France,4,115,121,121,115,119.5
catastrophe,France,2,85,85,85,85,85.0
choral,France,1,119,119,119,119,119.0
chorégraphie,France,1,2,2,2,2,2.0
chronique,France,1,93,93,93,93,93.0
cinéma,France,3,3,92,92,3,52.333333333333336
cinéphonie,France,1,5,5,5,5,5.0
comique,France,1,5,5,5,5,5.0
complot,France,1,80,80,80,80,80.0
comédie,France,5167,84,99,215,0,83.61815366750533
conte,France,6,15,99,122,8,52.333333333333336
court,France,259,12,24,96,2,18.374517374517374
court-métrage,France,3,9,17,17,9,12.333333333333334
courts,France,1,113,113,113,113,113.0
crime,France,1,93,93,93,93,93.0
d'après,France,1,8,8,8,8,8.0
d'épouvante,France,1,90,90,90,90,90.0
dessin,France,13,4,10,13,2,7.153846153846154
docu,France,1,90,90,90,90,90.0
docufiction,France,8,52,106,117,40,86.625
documentaire,France,1488,59,100,763,1,85.45228494623656
documentaire-fiction,France,1,97,97,97,97,97.0
dramatique,France,4,24,93,180,24,95.25
drame,France,3426,88,106,410,2,97.13047285464098
drame},France,1,88,88,88,88,88.0
effets,France,1,2,2,2,2,2.0
epouvante-horreur,France,2,87,88,88,87,87.5
espionnage,France,56,90,100,418,7,100.125
essai,France,10,21,72,95,12,46.6
expérimental,France,29,70,88,175,3,75.34482758620689
fantaisie,France,2,11,65,65,11,38.0
fantastique,France,100,6,95,293,2,63.0
fantasy,France,3,11,140,140,11,77.0
fiction,France,4,21,125,146,21,97.0
film,France,874,47,100,749,1,77.48970251716247
film-documentaire,France,1,90,90,90,90,90.0
flm,France,1,112,112,112,112,112.0
féerie,France,1,4,4,4,4,4.0
féérie,France,1,6,6,6,6,6.0
gangsters,France,1,90,90,90,90,90.0
ghriller,France,1,95,95,95,95,95.0
giallo,France,5,90,106,114,85,97.2
guerre,France,32,90,114,162,38,103.5625
histoire,France,6,97,100,110,89,98.33333333333333
historique,France,53,95,135,425,13,127.73584905660377
historique/epique,France,1,130,130,130,130,130.0
horreur,France,59,83,96,118,9,89.30508474576271
humoristique,France,1,19,19,19,19,19.0
humour,France,2,35,35,35,35,35.0
lettriste,France,1,61,61,61,61,61.0
long,France,1,70,70,70,70,70.0
moyen,France,35,40,51,58,30,44.74285714285714
muet,France,1,170,170,170,170,170.0
musical,France,31,80,115,163,6,94.38709677419355
musique,France,3,95,110,110,95,100.33333333333333
mélodrame,France,30,87,108,162,70,98.6
nazisploitation,France,4,80,107,108,80,97.0
noël,France,1,79,79,79,79,79.0
néo-noir,France,1,100,100,100,100,100.0
opéra,France,1,40,40,40,40,40.0
pantomime,France,1,2,2,2,2,2.0
parodie,France,1,95,95,95,95,95.0
peplum,France,1,122,122,122,122,122.0
phonoscène,France,1,2,2,2,2,2.0
polar,France,2,32,90,90,32,61.0
policier,France,457,90,100,180,13,94.64770240700219
politique,France,4,14,96,105,14,76.25
politique-fiction,France,1,97,97,97,97,97.0
pornographie,France,1,195,195,195,195,195.0
pornographique,France,4,8,86,88,8,65.5
portrait-documentaire,France,1,100,100,100,100,100.0
poétique,France,2,17,67,67,17,42.0
péplum,France,11,10,95,107,3,50.90909090909091
reconstitution,France,1,10,10,10,10,10.0
road,France,10,90,105,110,51,92.7
romance,France,34,81,96,179,12,83.76470588235294
romantique,France,3,83,107,107,83,96.66666666666667
science-fiction,France,57,79,101,136,4,80.78947368421052
scène,France,1,9,9,9,9,9.0
serial,France,1,320,320,320,320,320.0
sketches,France,3,84,102,102,84,95.0
super-héros,France,1,101,101,101,101,101.0
série,France,1,52,52,52,52,52.0
thriller,France,308,90,108,489,26,100.68181818181819
théâtre,France,1,138,138,138,138,138.0
téléfilm,France,17,89,97,203,45,95.23529411764706
unknown,France,547,24,92,440,2,64.96343692870201
vaudeville,France,1,95,95,95,95,95.0
web-documentaire,France,2,15,20,20,15,17.5
webdocumentaire,France,2,20,70,70,20,45.0
western,France,16,80,109,124,52,94.5
«,France,2,6,97,97,6,51.5
écologie,France,1,93,93,93,93,93.0
épouvante,France,1,93,93,93,93,93.0
érotico,France,3,78,85,85,78,81.0
érotique,France,57,83,97,110,7,88.40350877192982
action,"France,",1,94,94,94,94,94.0
animation,"France,",2,75,86,86,75,80.5
aventure,"France,",1,127,127,127,127,127.0
biographie,"France,",1,100,100,100,100,100.0
cinéma,"France,",1,37,37,37,37,37.0
comédie,"France,",14,88,106,148,82,99.71428571428571
court,"France,",1,15,15,15,15,15.0
documentaire,"France,",2,83,99,99,83,91.0
drame,"France,",11,85,100,110,83,95.36363636363636
film,"France,",4,6,93,98,6,71.25
guerre,"France,",2,95,96,96,95,95.5
romance,"France,",1,85,85,85,85,85.0
thriller,"France,",2,115,180,180,115,147.5
téléfilm,"France,",1,180,180,180,180,180.0
unknown,"France,",3,65,99,99,65,84.66666666666667
science-fiction,France/Amérique,1,92,92,92,92,92.0
comédie,Gabon,1,90,90,90,90,90.0
drame,Gabon,4,79,95,215,79,117.25
film,Gabon,1,52,52,52,52,52.0
unknown,Gabon,2,76,90,90,76,83.0
comédie,Ghana,1,125,125,125,125,125.0
documentaire,Ghana,2,12,89,89,12,50.5
drame,Ghana,5,80,92,94,80,85.2
unknown,Grande-Bretagne,2,109,109,109,109,109.0
unknown,"Grande-Bretagne,",1,86,86,86,86,86.0
aventure,Grèce,1,92,92,92,92,92.0
biographie,Grèce,1,175,175,175,175,175.0
biopic,Grèce,2,115,119,119,115,117.0
comédie,Grèce,65,84,100,178,9,92.38461538461539
court,Grèce,1,12,12,12,12,12.0
docufiction,Grèce,1,62,62,62,62,62.0
documentaire,Grèce,5,69,85,85,43,71.2
dramatique,Grèce,1,132,132,132,132,132.0
drame,Grèce,105,90,120,235,44,106.79047619047618
espionnage,Grèce,1,105,105,105,105,105.0
fantastique,Grèce,1,14,14,14,14,14.0
film,Grèce,48,80,107,165,7,92.79166666666667
guerre,Grèce,1,100,100,100,100,100.0
idylle,Grèce,1,68,68,68,68,68.0
mélodrame,Grèce,10,76,85,105,70,83.2
néoréalisme,Grèce,1,80,80,80,80,80.0
policier,Grèce,1,137,137,137,137,137.0
porno,Grèce,1,91,91,91,91,91.0
thriller,Grèce,3,105,125,125,105,117.0
tragicomédie,Grèce,1,100,100,100,100,100.0
tragédie,Grèce,1,120,120,120,120,120.0
unknown,Grèce,7,90,127,176,23,107.0
drame,Guatemala,3,97,107,107,97,101.33333333333333
animation,Guinée,1,3,3,3,3,3.0
documentaire,Guinée,8,30,90,90,30,68.875
drame,Guinée,1,23,23,23,23,23.0
comédie,Guinée-Bissau,1,90,90,90,90,90.0
documentaire,Guinée-Bissau,1,52,52,52,52,52.0
drame,Guinée-Bissau,2,90,95,95,90,92.5
guerre,Guinée-Bissau,1,85,85,85,85,85.0
comédie,Géorgie,1,91,91,91,91,91.0
dramatique,Géorgie,1,95,95,95,95,95.0
drame,Géorgie,20,100,107,150,90,107.0
film,Géorgie,1,119,119,119,119,119.0
romance,Géorgie,1,90,90,90,90,90.0
unknown,Géorgie,4,82,97,107,82,94.75
documentaire,Haïti,1,52,52,52,52,52.0
drame,Haïti,3,88,130,130,88,104.0
action,Hong,230,92,108,148,76,100.95652173913044
animation,Hong,5,94,94,125,78,97.0
arts,Hong,13,90,98,131,75,93.92307692307692
aventure,Hong,4,86,125,145,86,111.0
aventures,Hong,3,82,94,94,82,87.33333333333333
biographie,Hong,1,129,129,129,129,129.0
biopic,Hong,6,106,126,128,103,114.16666666666667
comédie,Hong,213,92,103,130,75,98.47887323943662
documentaire,Hong,1,66,66,66,66,66.0
dramatique,Hong,3,95,125,125,95,110.66666666666667
drame,Hong,128,94,110,165,14,102.8359375
epouvante-horreur,Hong,1,90,90,90,90,90.0
fantastique,Hong,5,96,111,122,90,103.4
fantasy,Hong,1,87,87,87,87,87.0
film,Hong,24,92,102,143,84,99.66666666666667
gangsters,Hong,5,100,111,128,73,103.8
heroic,Hong,1,95,95,95,95,95.0
historique,Hong,2,101,107,107,101,104.0
horreur,Hong,2,98,101,101,98,99.5
kung,Hong,1,95,95,95,95,95.0
kung-fu,Hong,10,92,106,115,90,99.9
musical,Hong,2,13,110,110,13,61.5
opéra,Hong,1,100,100,100,100,100.0
policier,Hong,6,87,95,101,83,91.66666666666667
romance,Hong,2,99,105,105,99,102.0
science-fiction,Hong,3,87,112,112,87,100.0
slasher,Hong,1,96,96,96,96,96.0
thriller,Hong,29,90,110,131,83,101.51724137931035
unknown,Hong,11,88,118,121,85,102.72727272727273
wu,Hong,7,102,111,120,85,104.71428571428571
wuxia,Hong,6,86,106,106,86,96.0
wuxiapian,Hong,1,89,89,89,89,89.0
épouvante-horreur,Hong,1,86,86,86,86,86.0
action,Hongrie,1,115,115,115,115,115.0
animation,Hongrie,10,7,86,110,2,59.3
aventure,Hongrie,3,79,99,99,79,89.33333333333333
biographie,Hongrie,1,85,85,85,85,85.0
biopic,Hongrie,6,112,127,141,106,121.83333333333333
comédie,Hongrie,23,84,103,109,73,92.65217391304348
court,Hongrie,3,10,26,26,10,16.666666666666668
dramatique,Hongrie,3,90,95,95,90,92.33333333333333
drame,Hongrie,92,89,109,450,6,105.91304347826087
film,Hongrie,12,91,102,121,80,97.91666666666667
horreur,Hongrie,1,110,110,110,110,110.0
policier,Hongrie,2,78,93,93,78,85.5
romance,Hongrie,1,90,90,90,90,90.0
thriller,Hongrie,5,105,114,123,97,109.2
unknown,Hongrie,9,88,90,97,4,81.0
action,Inde,110,136,169,319,92,152.6909090909091
action/thriller,Inde,1,172,172,172,172,172.0
animation,Inde,4,95,124,125,95,112.25
aventure,Inde,17,96,152,224,85,133.76470588235293
aventures,Inde,2,145,146,146,145,145.5
biographie,Inde,5,96,153,155,96,130.0
biographique,Inde,4,114,122,166,114,130.25
biopic,Inde,7,90,140,153,79,122.14285714285714
comédie,Inde,121,134,159,193,83,145.4793388429752
documentaire,Inde,9,40,92,123,31,73.0
drama,Inde,1,155,155,155,155,155.0
dramatique,Inde,5,152,155,186,116,152.4
drame,Inde,197,115,157,238,61,136.46700507614213
epouvante-horreur,Inde,1,104,104,104,104,104.0
espionnage,Inde,1,132,132,132,132,132.0
fantasy,Inde,1,171,171,171,171,171.0
film,Inde,65,129,161,240,7,140.92307692307693
guerre,Inde,1,125,125,125,125,125.0
histoire,Inde,1,47,47,47,47,47.0
horreur,Inde,9,95,151,165,90,124.44444444444444
masala,Inde,1,174,174,174,174,174.0
musical,Inde,3,146,165,165,146,155.0
mélodrame,Inde,2,175,210,210,175,192.5
policier,Inde,3,100,135,135,100,121.66666666666667
péplum,Inde,1,170,170,170,170,170.0
road,Inde,1,153,153,153,153,153.0
romance,Inde,12,129,151,180,110,141.75
science-fiction,Inde,1,156,156,156,156,156.0
soap,Inde,1,113,113,113,113,113.0
thriller,Inde,26,120,141,205,107,137.07692307692307
unknown,Inde,34,132,165,193,80,144.3235294117647
film,"Inde,",1,81,81,81,81,81.0
unknown,India,1,163,163,163,163,163.0
action,Indonésie,4,101,121,141,101,120.25
animation,Indonésie,1,41,41,41,41,41.0
arts,Indonésie,1,134,134,134,134,134.0
comédie,Indonésie,6,94,114,125,86,102.66666666666667
drame,Indonésie,4,93,100,110,93,99.5
film,Indonésie,2,96,129,129,96,112.5
horreur,Indonésie,1,87,87,87,87,87.0
thriller,Indonésie,1,110,110,110,110,110.0
unknown,Indonésie,1,100,100,100,100,100.0
comédie,Irak,1,97,97,97,97,97.0
drame,Irak,1,100,100,100,100,100.0
film,Irak,2,97,334,334,97,215.5
action,Iran,4,78,105,120,78,102.0
allégorie,Iran,1,4,4,4,4,4.0
animation,Iran,1,17,17,17,17,17.0
animé,Iran,1,75,75,75,75,75.0
biographie,Iran,1,178,178,178,178,178.0
biopic,Iran,3,110,125,125,110,118.33333333333333
comédie,Iran,19,88,103,115,70,94.94736842105263
conte,Iran,1,40,40,40,40,40.0
court,Iran,2,7,20,20,7,13.5
docufiction,Iran,1,82,82,82,82,82.0
documentaire,Iran,18,45,85,91,5,64.38888888888889
dramatique,Iran,1,120,120,120,120,120.0
drame,Iran,112,87,106,165,5,95.52678571428571
expérimental,Iran,1,120,120,120,120,120.0
film,Iran,1,107,107,107,107,107.0
historique,Iran,2,108,120,120,108,114.0
horreur,Iran,1,84,84,84,84,84.0
long,Iran,1,100,100,100,100,100.0
mélodrame,Iran,1,83,83,83,83,83.0
policier,Iran,2,97,139,139,97,118.0
thriller,Iran,5,89,128,131,87,105.4
unknown,Iran,10,91,101,120,4,90.7
épopée,Iran,1,150,150,150,150,150.0
action,Irlande,2,88,106,106,88,97.0
animation,Irlande,11,74,99,103,7,74.36363636363636
aventure,Irlande,2,91,96,96,91,93.5
biographie,Irlande,1,120,120,120,120,120.0
biopic,Irlande,2,91,104,104,91,97.5
comédie,Irlande,39,89,104,164,80,99.64102564102564
documentaire,Irlande,4,74,124,150,74,114.0
drame,Irlande,40,90,105,132,30,97.325
fantastique,Irlande,2,97,118,118,97,107.5
film,Irlande,4,90,103,111,90,99.75
guerre,Irlande,1,108,108,108,108,108.0
horreur,Irlande,5,90,97,103,84,93.2
science-fiction,Irlande,3,89,98,98,89,94.66666666666667
thriller,Irlande,5,96,107,108,96,101.4
unknown,Irlande,3,13,93,93,13,62.0
comédie,"Irlande,",1,98,98,98,98,98.0
aventure,Islande,1,79,79,79,79,79.0
comédie,Islande,10,87,99,109,81,92.7
documentaire,Islande,1,97,97,97,97,97.0
drama,Islande,1,81,81,81,81,81.0
dramatique,Islande,2,93,94,94,93,93.5
drame,Islande,20,90,99,129,78,97.7
fantasy,Islande,1,93,93,93,93,93.0
policier,Islande,1,93,93,93,93,93.0
thriller,Islande,6,101,112,115,88,104.16666666666667
unknown,Islande,2,85,100,100,85,92.5
unknown,"Islande,",1,15,15,15,15,15.0
action,Israël,2,124,131,131,124,127.5
animation,Israël,2,71,78,78,71,74.5
aventure,Israël,2,76,101,101,76,88.5
biopic,Israël,2,95,114,114,95,104.5
comédie,Israël,22,89,97,120,80,94.18181818181819
court,Israël,1,22,22,22,22,22.0
documentaire,Israël,14,85,96,128,47,90.64285714285714
dramatique,Israël,3,90,120,120,90,100.33333333333333
drame,Israël,74,89,103,150,67,96.75675675675676
espionnage,Israël,1,113,113,113,113,113.0
fantastique,Israël,1,85,85,85,85,85.0
film,Israël,3,72,117,117,72,94.33333333333333
guerre,Israël,1,92,92,92,92,92.0
horreur,Israël,1,90,90,90,90,90.0
musical,Israël,1,122,122,122,122,122.0
mélodrame,Israël,1,83,83,83,83,83.0
thriller,Israël,3,99,123,123,99,110.66666666666667
unknown,Israël,4,19,103,105,19,62.5
unknown,"Israël,",1,85,85,85,85,85.0
aciton,Italie,1,90,90,90,90,90.0
action,Italie,64,90,100,180,80,97.53125
action-,Italie,1,113,113,113,113,113.0
animation,Italie,9,64,84,87,7,69.11111111111111
aventure,Italie,56,89,101,340,63,100.48214285714286
aventures,Italie,30,90,100,360,76,105.2
biographie,Italie,22,100,127,207,87,114.86363636363636
biographique,Italie,5,98,128,137,88,111.6
biopic,Italie,18,104,127,180,81,115.94444444444444
cape,Italie,1,85,85,85,85,85.0
chronique,Italie,2,174,320,320,174,247.0
ciné-panettone,Italie,2,96,100,100,96,98.0
cinéma,Italie,1,95,95,95,95,95.0
comique,Italie,2,90,95,95,90,92.5
comédie,Italie,1329,90,105,180,8,97.55079006772009
conte,Italie,1,87,87,87,87,87.0
court,Italie,2,4,23,23,4,13.5
d'action,Italie,1,105,105,105,105,105.0
de,Italie,1,110,110,110,110,110.0
decamerotico,Italie,15,87,98,103,84,92.4
documentaire,Italie,80,62,100,198,6,79.2375
dram,Italie,1,111,111,111,111,111.0
dramatique,Italie,33,90,106,140,70,98.54545454545455
drame,Italie,878,90,109,360,3,101.03302961275627
espionnage,Italie,13,85,98,112,84,93.15384615384616
essai,Italie,5,81,90,100,25,76.6
expérimental,Italie,1,89,89,89,89,89.0
fable,Italie,1,90,90,90,90,90.0
fantastique,Italie,18,91,110,141,84,101.44444444444444
fantasy,Italie,1,75,75,75,75,75.0
faux,Italie,3,92,95,95,92,93.33333333333333
fiction,Italie,1,93,93,93,93,93.0
film,Italie,646,86,100,208,4,91.02321981424149
gangsters,Italie,1,130,130,130,130,130.0
giallo,Italie,182,89,96,130,70,93.35714285714286
guerre,Italie,10,94,107,110,87,98.8
hard,Italie,2,91,92,92,91,91.5
heroic,Italie,1,88,88,88,88,88.0
historique,Italie,14,85,110,198,18,97.42857142857143
horreur,Italie,69,87,96,113,80,92.17391304347827
melodramma,Italie,49,90,98,121,80,93.59183673469387
mondo,Italie,6,87,107,140,87,104.33333333333333
musical,Italie,2,85,94,94,85,89.5
musicarello,Italie,18,91,103,124,78,95.88888888888889
médiéval,Italie,6,85,92,94,82,88.5
mélodrame,Italie,40,89,98,125,74,94.425
nazisploitation,Italie,3,86,92,92,86,89.0
nonnesploitation,Italie,2,82,88,88,82,85.0
néo-polar,Italie,22,90,99,110,88,95.31818181818181
opéra,Italie,1,91,91,91,91,91.0
parodie,Italie,1,95,95,95,95,95.0
peplum,Italie,3,85,100,100,85,92.66666666666667
police,Italie,1,110,110,110,110,110.0
policier,Italie,28,93,107,200,69,103.28571428571429
poliziottesco,Italie,101,90,99,123,77,94.22772277227723
pornographique,Italie,3,80,102,102,80,90.33333333333333
péplum,Italie,71,89,100,181,13,94.32394366197182
reconstitution,Italie,1,19,19,19,19,19.0
road,Italie,2,110,130,130,110,120.0
romance,Italie,7,90,112,113,70,99.42857142857143
romantique,Italie,1,89,89,89,89,89.0
science-fiction,Italie,35,84,95,129,70,90.25714285714285
sentimental,Italie,1,97,97,97,97,97.0
sport,Italie,1,109,109,109,109,109.0
super-héros,Italie,2,88,118,118,88,103.0
superhéros,Italie,1,70,70,70,70,70.0
thriller,Italie,49,90,103,128,80,96.9795918367347
tragédie,Italie,1,76,76,76,76,76.0
téléfilm,Italie,1,25,25,25,25,25.0
unknown,Italie,100,83,105,160,5,91.52
western,Italie,257,88,100,165,79,95.60311284046692
western-spaghetti,Italie,1,91,91,91,91,91.0
épique,Italie,2,52,89,89,52,70.5
épouvante,Italie,20,87,98,120,82,95.15
érotico,Italie,1,94,94,94,94,94.0
érotique,Italie,11,82,95,155,75,93.63636363636364
biographique,"Italie,",1,180,180,180,180,180.0
comédie,"Italie,",3,95,100,100,95,97.0
drame,"Italie,",5,110,122,270,92,141.8
espionnage,"Italie,",1,98,98,98,98,98.0
fantastique,"Italie,",1,83,83,83,83,83.0
film,"Italie,",10,88,100,110,85,95.5
giallo,"Italie,",1,103,103,103,103,103.0
historique,"Italie,",1,123,123,123,123,123.0
péplum,"Italie,",2,87,91,91,87,89.0
unknown,"Italie,",2,99,110,110,99,104.5
western,"Italie,",20,85,96,105,79,91.65
action,Jamaïque,1,98,98,98,98,98.0
drame,Jamaïque,4,100,103,114,100,104.75
action,Japon,124,92,120,163,20,106.08870967741936
animation,Japon,123,85,105,130,4,88.45528455284553
anime,Japon,3,54,122,122,54,95.33333333333333
anticipation,Japon,1,156,156,156,156,156.0
arts,Japon,3,83,95,95,83,87.66666666666667
aventure,Japon,13,103,134,145,75,115.53846153846153
biographie,Japon,1,129,129,129,129,129.0
biopic,Japon,10,119,135,140,102,125.1
chanbara,Japon,39,83,104,207,81,100.17948717948718
comédie,Japon,249,91,118,237,21,102.06024096385542
court,Japon,2,5,24,24,5,14.5
dessin,Japon,1,102,102,102,102,102.0
documentaire,Japon,12,66,110,170,24,93.25
documentaire-fiction,Japon,1,25,25,25,25,25.0
drama,Japon,1,104,104,104,104,104.0
dramatique,Japon,4,112,129,180,112,134.0
drame,Japon,656,94,125,579,28,110.96341463414635
espionnage,Japon,1,90,90,90,90,90.0
fantastique,Japon,20,91,134,182,70,113.9
fantasy,Japon,3,82,135,135,82,114.66666666666667
film,Japon,119,87,118,223,42,105.63025210084034
gore,Japon,1,43,43,43,43,43.0
guerre,Japon,4,105,144,165,105,136.0
horreur,Japon,50,79,103,128,49,91.78
j-horror,Japon,1,99,99,99,99,99.0
jidai-geki,Japon,19,77,123,151,21,95.89473684210526
jidaigeki,Japon,2,90,148,148,90,119.0
kaijū,Japon,6,82,96,97,75,88.5
musical,Japon,1,116,116,116,116,116.0
mélodrame,Japon,6,74,88,103,64,80.5
pinku,Japon,3,61,91,91,61,71.33333333333333
polar,Japon,1,144,144,144,144,144.0
policier,Japon,26,90,115,151,80,101.73076923076923
poésie,Japon,1,40,40,40,40,40.0
roman,Japon,1,80,80,80,80,80.0
romance,Japon,8,101,121,125,80,109.125
romantic,Japon,1,108,108,108,108,108.0
science-fiction,Japon,36,84,120,150,55,99.61111111111111
sf:,Japon,1,120,120,120,120,120.0
slasher,Japon,1,129,129,129,129,129.0
space,Japon,6,48,121,130,34,84.66666666666667
sport,Japon,1,113,113,113,113,113.0
suspense,Japon,2,116,118,118,116,117.0
thriller,Japon,34,112,132,146,56,116.11764705882354
tokusatsu,Japon,15,60,93,100,47,78.06666666666666
tragédie,Japon,1,129,129,129,129,129.0
unknown,Japon,74,89,120,148,15,101.41891891891892
western,Japon,1,94,94,94,94,94.0
yakuza,Japon,33,90,100,149,80,98.39393939393939
zombie,Japon,1,75,75,75,75,75.0
érotique,Japon,4,71,75,122,71,85.0
drame,"Japon,",1,100,100,100,100,100.0
comédie,Jordanie,1,99,99,99,99,99.0
drame,Jordanie,1,100,100,100,100,100.0
action,Kazakhstan,1,98,98,98,98,98.0
comédie,Kazakhstan,1,100,100,100,100,100.0
dramatique,Kazakhstan,1,105,105,105,105,105.0
drame,Kazakhstan,15,80,112,156,65,96.0
film,Kazakhstan,2,77,102,102,77,89.5
dramatique,"Kazakhstan,",1,99,99,99,99,99.0
animation,Kenya,1,3,3,3,3,3.0
comédie,Kenya,1,87,87,87,87,87.0
court,Kenya,1,62,62,62,62,62.0
documentaire,Kenya,1,78,78,78,78,78.0
drame,Kenya,2,82,100,100,82,91.0
dramatique,Kirghizistan,1,81,81,81,81,81.0
drame,Kirghizistan,3,76,89,89,76,82.0
film,Kirghizistan,1,112,112,112,112,112.0
unknown,Kirghizistan,1,80,80,80,80,80.0
comédie,Kosovo,1,107,107,107,107,107.0
drame,Kosovo,6,93,104,121,84,99.33333333333333
drame,Koweït,1,106,106,106,106,106.0
drame,Laos,2,101,116,116,101,108.5
horreur,Laos,1,98,98,98,98,98.0
romance,Laos,1,90,90,90,90,90.0
drame,Lesotho,1,120,120,120,120,120.0
animation,Lettonie,5,77,85,108,43,79.6
comédie,Lettonie,4,94,120,131,94,115.0
documentaire,Lettonie,3,16,85,85,16,40.333333333333336
dramatique,Lettonie,1,98,98,98,98,98.0
drame,Lettonie,5,90,104,108,83,96.4
fantastique,Lettonie,1,75,75,75,75,75.0
film,Lettonie,4,67,118,180,67,116.25
mélodrame,Lettonie,1,112,112,112,112,112.0
comédie,Liban,4,90,96,119,90,99.75
court,Liban,1,15,15,15,15,15.0
documentaire,Liban,1,62,62,62,62,62.0
dramatique,Liban,1,78,78,78,78,78.0
drame,Liban,11,98,123,135,80,107.72727272727273
fantastique,Liban,1,80,80,80,80,80.0
film,Liban,3,90,142,142,90,115.66666666666667
comédie,Liechtenstein,1,78,78,78,78,78.0
animation,Lituanie,1,12,12,12,12,12.0
documentaire,Lituanie,4,52,65,71,52,62.75
drame,Lituanie,23,21,97,126,13,66.0
film,Lituanie,1,65,65,65,65,65.0
science-fiction,Lituanie,2,114,124,124,114,119.0
action,Luxembourg,1,105,105,105,105,105.0
animation,Luxembourg,2,77,90,90,77,83.5
aventure,Luxembourg,1,98,98,98,98,98.0
comédie,Luxembourg,5,85,97,99,84,90.0
docufiction,Luxembourg,1,85,85,85,85,85.0
documentaire,Luxembourg,2,82,133,133,82,107.5
dramatique,Luxembourg,1,90,90,90,90,90.0
drame,Luxembourg,7,85,107,117,18,88.28571428571429
film,Luxembourg,1,72,72,72,72,72.0
horreur,Luxembourg,1,92,92,92,92,92.0
thriller,Luxembourg,1,97,97,97,97,97.0
comédie,Macédoine,1,89,89,89,89,89.0
documentaire,Macédoine,1,87,87,87,87,87.0
drame,Macédoine,8,93,107,120,89,103.375
western,Macédoine,1,127,127,127,127,127.0
animation,Madagascar,2,3,5,5,3,4.0
documentaire,Madagascar,3,52,84,84,52,62.666666666666664
drame,Madagascar,1,90,90,90,90,90.0
action,Malaisie,1,115,115,115,115,115.0
animation,Malaisie,3,85,100,100,85,90.0
comédie,Malaisie,1,94,94,94,94,94.0
drame,Malaisie,1,70,70,70,70,70.0
film,Malaisie,1,114,114,114,114,114.0
documentaire,Mali,7,36,72,82,13,51.0
drame,Mali,5,96,110,115,91,103.4
fiction,Mali,1,83,83,83,83,83.0
film,Mali,1,53,53,53,53,53.0
unknown,Mali,4,52,96,120,52,89.25
documentaire,Malte,1,35,35,35,35,35.0
drame,Malte,1,94,94,94,94,94.0
animation,Maroc,1,7,7,7,7,7.0
aventures,Maroc,1,100,100,100,100,100.0
comédie,Maroc,10,86,102,115,68,95.1
docufiction,Maroc,1,86,86,86,86,86.0
documentaire,Maroc,12,52,76,110,24,61.333333333333336
dramatique,Maroc,1,94,94,94,94,94.0
drame,Maroc,42,89,110,150,18,98.92857142857143
fantastique,Maroc,1,90,90,90,90,90.0
fiction,Maroc,4,85,115,118,85,101.5
film,Maroc,5,105,117,117,96,110.4
noir,Maroc,1,124,124,124,124,124.0
péplum,Maroc,1,94,94,94,94,94.0
unknown,Maroc,8,52,97,101,21,79.75
animation,Maurice,1,87,87,87,87,87.0
drame,Maurice,1,88,88,88,88,88.0
drame,Mauritanie,3,97,110,110,97,105.66666666666667
action,Mexique,33,81,92,129,63,88.27272727272727
animation,Mexique,4,5,85,91,5,66.5
anticipation,Mexique,1,90,90,90,90,90.0
aventure,Mexique,10,82,125,165,74,102.1
comédie,Mexique,34,88,105,174,45,97.91176470588235
documentaire,Mexique,2,100,103,103,100,101.5
dramatique,Mexique,1,100,100,100,100,100.0
drame,Mexique,102,92,112,164,14,104.2843137254902
expérimental,Mexique,1,114,114,114,114,114.0
fantastique,Mexique,3,83,85,85,83,84.33333333333333
fantasy,Mexique,1,100,100,100,100,100.0
film,Mexique,33,83,99,126,74,91.87878787878788
historique,Mexique,3,99,145,145,99,118.33333333333333
horreur,Mexique,12,85,94,114,83,93.75
mélodrame,Mexique,1,164,164,164,164,164.0
policier,Mexique,2,85,122,122,85,103.5
péplum,Mexique,1,82,82,82,82,82.0
road,Mexique,1,106,106,106,106,106.0
romance,Mexique,1,15,15,15,15,15.0
thriller,Mexique,6,97,113,120,88,103.0
unknown,Mexique,10,87,108,115,75,95.9
western,Mexique,10,74,95,129,71,85.7
épouvante,Mexique,1,81,81,81,81,81.0
érotique,Mexique,1,98,98,98,98,98.0
film,Modèle:Allemagne,1,91,91,91,91,91.0
comédie,Modèle:Allemande,1,82,82,82,82,82.0
comédie,Modèle:Belge,1,105,105,105,105,105.0
drame,Modèle:Kurdistan,1,108,108,108,108,108.0
drame,Modèle:Maroc,1,104,104,104,104,104.0
comédie,Modèle:États,1,102,102,102,102,102.0
comédie,Moldavie,1,141,141,141,141,141.0
documentaire,Mongolie,1,87,87,87,87,87.0
drame,Mongolie,2,96,100,100,96,98.0
film,Mongolie,1,90,90,90,90,90.0
documentaire,Mozambique,9,39,53,69,21,47.0
fiction,Mozambique,1,115,115,115,115,115.0
film,Mozambique,1,93,93,93,93,93.0
unknown,Mozambique,1,33,33,33,33,33.0
documentaire,Namibie,1,26,26,26,26,26.0
film,Namibie,1,161,161,161,161,161.0
film,Nicaragua,2,89,95,95,89,92.0
animation,Niger,1,14,14,14,14,14.0
documentaire,Niger,4,7,52,52,7,40.75
drame,Niger,2,50,96,96,50,73.0
action,Nigeria,2,81,120,120,81,100.5
animation,Nigeria,1,3,3,3,3,3.0
comédie,Nigeria,9,93,105,110,87,98.44444444444444
documentaire,Nigeria,2,28,75,75,28,51.5
drame,Nigeria,11,95,108,136,66,101.54545454545455
fantastique,Nigeria,1,95,95,95,95,95.0
fiction,Nigeria,2,27,95,95,27,61.0
film,Nigeria,3,107,145,145,107,123.33333333333333
romance,Nigeria,1,38,38,38,38,38.0
thriller,Nigeria,3,103,169,169,103,130.33333333333334
unknown,Nigeria,2,118,120,120,118,119.0
épopée,Nigeria,1,142,142,142,142,142.0
film,"Nigeria,",1,98,98,98,98,98.0
comédie,Nigéria,1,116,116,116,116,116.0
action,Norvège,6,96,104,174,86,110.0
animation,Norvège,2,86,88,88,86,87.0
aventure,Norvège,4,78,92,92,78,87.25
biographie,Norvège,2,104,109,109,104,106.5
catastrophe,Norvège,2,104,106,106,104,105.0
comédie,Norvège,27,85,100,128,76,93.5925925925926
court,Norvège,2,8,16,16,8,12.0
documentaire,Norvège,2,55,84,84,55,69.5
dramatique,Norvège,2,96,98,98,96,97.0
drame,Norvège,56,93,115,157,10,101.41071428571429
fantastique,Norvège,2,103,104,104,103,103.5
film,Norvège,8,66,129,135,53,98.25
guerre,Norvège,1,213,213,213,213,213.0
historique,Norvège,1,125,125,125,125,125.0
horreur,Norvège,10,82,97,100,78,91.0
policier,Norvège,3,86,113,113,86,98.33333333333333
romance,Norvège,1,109,109,109,109,109.0
science-fiction,Norvège,2,12,12,12,12,12.0
thriller,Norvège,7,96,113,117,75,100.57142857142857
unknown,Norvège,1,84,84,84,84,84.0
épouvante,Norvège,1,95,95,95,95,95.0
drame,"Norvège,",1,94,94,94,94,94.0
film,"Norvège,",1,90,90,90,90,90.0
action,Nouvelle-Zélande,7,86,100,108,83,93.42857142857143
aventure,Nouvelle-Zélande,2,101,118,118,101,109.5
biographie,Nouvelle-Zélande,2,95,156,156,95,125.5
comédie,Nouvelle-Zélande,14,88,98,111,83,94.85714285714286
documentaire,Nouvelle-Zélande,1,92,92,92,92,92.0
drame,Nouvelle-Zélande,11,90,121,126,88,105.36363636363636
faux,Nouvelle-Zélande,1,53,53,53,53,53.0
film,Nouvelle-Zélande,2,76,96,96,76,86.0
horreur,Nouvelle-Zélande,3,88,92,92,88,89.33333333333333
road,Nouvelle-Zélande,1,105,105,105,105,105.0
science-fiction,Nouvelle-Zélande,2,91,93,93,91,92.0
thriller,Nouvelle-Zélande,4,93,105,107,93,99.5
unknown,Nouvelle-Zélande,1,76,76,76,76,76.0
documentaire,Népal,1,118,118,118,118,118.0
dramatique,Népal,1,90,90,90,90,90.0
drame,Népal,2,85,150,150,85,117.5
film,Népal,1,90,90,90,90,90.0
film,Office,1,22,22,22,22,22.0
action,Ouganda,1,64,64,64,64,64.0
comédie,Pakistan,1,176,176,176,176,176.0
dramatique,Pakistan,1,135,135,135,135,135.0
drame,Pakistan,3,99,126,126,99,109.66666666666667
film,Pakistan,1,165,165,165,165,165.0
unknown,Pakistan,2,167,177,177,167,172.0
horreur,"Pakistan,",1,77,77,77,77,77.0
aventures,Palestine,1,97,97,97,97,97.0
comédie,Palestine,2,105,108,108,105,106.5
documentaire,Palestine,3,75,100,100,75,89.66666666666667
dramatique,Palestine,1,109,109,109,109,109.0
drame,Palestine,5,75,100,103,71,89.0
film,Palestine,1,54,54,54,54,54.0
thriller,Palestine,2,90,96,96,90,93.0
documentaire,"Palestine,",1,94,94,94,94,94.0
documentaire,Panama,1,72,72,72,72,72.0
documentaire,Paraguay,1,92,92,92,92,92.0
drame,Paraguay,2,78,95,95,78,86.5
thriller,Paraguay,1,105,105,105,105,105.0
action,Pays,3,93,105,105,93,97.33333333333333
drame,Pays,3,86,100,100,86,90.66666666666667
action,Pays-Bas,4,84,90,113,84,94.25
animation,Pays-Bas,5,9,72,84,8,37.0
aventure,Pays-Bas,10,95,110,135,85,102.8
aventures,Pays-Bas,1,107,107,107,107,107.0
biographie,Pays-Bas,1,100,100,100,100,100.0
biopic,Pays-Bas,6,98,130,131,96,112.5
catastrophe,Pays-Bas,1,96,96,96,96,96.0
comédie,Pays-Bas,34,87,104,120,15,92.73529411764706
court,Pays-Bas,1,8,8,8,8,8.0
documentaire,Pays-Bas,17,22,127,155,10,77.94117647058823
dramatique,Pays-Bas,1,123,123,123,123,123.0
drame,Pays-Bas,70,91,120,180,55,105.04285714285714
familial,Pays-Bas,1,90,90,90,90,90.0
fantastique,Pays-Bas,2,90,105,105,90,97.5
fantasy,Pays-Bas,1,7,7,7,7,7.0
film,Pays-Bas,16,22,119,229,10,93.875
guerre,Pays-Bas,1,124,124,124,124,124.0
heroic,Pays-Bas,1,14,14,14,14,14.0
historique,Pays-Bas,1,54,54,54,54,54.0
horreur,Pays-Bas,6,90,103,108,84,95.33333333333333
néo-noir,Pays-Bas,1,91,91,91,91,91.0
pamphlet,Pays-Bas,1,10,10,10,10,10.0
policier,Pays-Bas,4,90,102,112,90,98.75
porn,Pays-Bas,1,73,73,73,73,73.0
road,Pays-Bas,1,105,105,105,105,105.0
science-fiction,Pays-Bas,1,125,125,125,125,125.0
thriller,Pays-Bas,14,95,107,113,86,101.35714285714286
unknown,Pays-Bas,6,50,91,119,9,72.5
action,Philippines,1,208,208,208,208,208.0
animation,Philippines,1,59,59,59,59,59.0
aventure,Philippines,1,485,485,485,485,485.0
biographique,Philippines,1,118,118,118,118,118.0
comédie,Philippines,2,104,120,120,104,112.0
dramatique,Philippines,1,97,97,97,97,97.0
drame,Philippines,31,90,127,643,13,145.0
faux,Philippines,1,93,93,93,93,93.0
film,Philippines,6,90,118,250,82,121.0
historique,Philippines,1,165,165,165,165,165.0
horreur,Philippines,3,82,125,125,82,97.33333333333333
musical,Philippines,1,234,234,234,234,234.0
romance,Philippines,1,135,135,135,135,135.0
thriller,Philippines,1,110,110,110,110,110.0
unknown,Philippines,3,96,126,126,96,109.0
action,Pologne,2,82,94,94,82,88.0
animation,Pologne,4,7,87,114,7,54.0
anticipation,Pologne,1,89,89,89,89,89.0
aventure,Pologne,3,160,287,287,160,204.33333333333334
biographie,Pologne,3,112,181,181,112,144.66666666666666
biographique,Pologne,1,127,127,127,127,127.0
biopic,Pologne,4,104,134,136,104,119.5
comédie,Pologne,37,90,104,224,56,98.54054054054055
court,Pologne,2,5,15,15,5,10.0
documentaire,Pologne,9,46,85,121,9,57.666666666666664
dramatique,Pologne,5,88,88,122,88,94.8
drame,Pologne,135,91,114,245,6,105.11111111111111
enfants,Pologne,1,85,85,85,85,85.0
fantastique,Pologne,3,83,92,92,83,88.66666666666667
film,Pologne,30,93,107,152,6,100.03333333333333
guerre,Pologne,3,90,103,103,90,96.0
horreur,Pologne,1,102,102,102,102,102.0
policier,Pologne,1,127,127,127,127,127.0
science-fiction,Pologne,2,96,104,104,96,100.0
thriller,Pologne,4,81,117,123,81,103.5
unknown,Pologne,16,83,102,182,15,98.9375
western,Pologne,1,94,94,94,94,94.0
drame,"Pologne,",2,93,162,162,93,127.5
historique,"Pologne,",1,124,124,124,124,124.0
comédie,Porto,1,87,87,87,87,87.0
drame,Porto,1,105,105,105,105,105.0
film,Porto,1,110,110,110,110,110.0
animation,Portugal,2,73,82,82,73,77.5
biographie,Portugal,4,75,109,166,75,111.25
biopic,Portugal,3,61,124,124,61,101.0
comédie,Portugal,17,75,112,175,16,94.70588235294117
court,Portugal,1,11,11,11,11,11.0
docufiction,Portugal,2,80,115,115,80,97.5
documentaire,Portugal,14,35,100,110,18,68.14285714285714
dramatique,Portugal,4,85,127,136,85,110.75
drame,Portugal,101,91,118,381,15,110.2871287128713
ethnofiction,Portugal,1,108,108,108,108,108.0
film,Portugal,7,98,125,140,88,111.0
historique,Portugal,1,123,123,123,123,123.0
horreur,Portugal,2,20,91,91,20,55.5
musical,Portugal,1,147,147,147,147,147.0
policier,Portugal,1,82,82,82,82,82.0
romance,Portugal,1,110,110,110,110,110.0
science-fiction,Portugal,1,14,14,14,14,14.0
unknown,Portugal,10,93,170,250,62,133.8
documentaire,"Portugal,",1,75,75,75,75,75.0
unknown,Protectorat,1,35,35,35,35,35.0
action,Pérou,1,81,81,81,81,81.0
animation,Pérou,1,84,84,84,84,84.0
comédie,Pérou,5,100,104,144,86,106.8
documentaire,Pérou,2,87,103,103,87,95.0
drame,Pérou,17,100,109,135,83,104.05882352941177
film,Pérou,1,135,135,135,135,135.0
unknown,Pérou,2,78,80,80,78,79.0
documentaire,Qatar,1,86,86,86,86,86.0
drame,Qatar,1,114,114,114,114,114.0
action,Québec,1,96,96,96,96,96.0
animation,Québec,3,8,24,24,8,13.333333333333334
aventure,Québec,1,110,110,110,110,110.0
aventures,Québec,1,99,99,99,99,99.0
biographie,Québec,1,107,107,107,107,107.0
biopic,Québec,2,109,109,109,109,109.0
chronique,Québec,1,87,87,87,87,87.0
cinéma,Québec,1,183,183,183,183,183.0
comédie,Québec,84,93,108,128,23,101.07142857142857
conte,Québec,1,113,113,113,113,113.0
court,Québec,1,15,15,15,15,15.0
dessin,Québec,1,62,62,62,62,62.0
documentaire,Québec,8,50,91,118,39,77.75
drame,Québec,112,91,105,158,52,100.07142857142857
film,Québec,24,48,92,143,15,72.625
science-fiction,Québec,2,15,22,22,15,18.5
suspense,Québec,4,86,119,119,86,107.5
thriller,Québec,8,85,107,118,80,96.5
unknown,Québec,10,50,107,240,15,93.4
webserie,Québec,1,130,130,130,130,130.0
animation,"Québec,",1,89,89,89,89,89.0
comédie,"Québec,",20,92,109,117,24,97.6
documentaire,"Québec,",1,71,71,71,71,71.0
drame,"Québec,",36,87,110,132,19,97.52777777777777
fiction,"Québec,",1,95,95,95,95,95.0
film,"Québec,",3,95,103,103,95,99.33333333333333
thriller,"Québec,",3,110,122,122,110,114.33333333333333
unknown,"Québec,",1,18,18,18,18,18.0
documentaire,RDA,1,30,30,30,30,30.0
comédie,RF,2,127,167,167,127,147.0
drame,RF,1,96,96,96,96,96.0
guerre,RF,1,115,115,115,115,115.0
actualités,RSFS,1,121,121,121,121,121.0
drame,RSS,1,91,91,91,91,91.0
unknown,RSS,1,84,84,84,84,84.0
drame,Raj,3,120,141,141,120,133.33333333333334
film,Raj,7,76,142,150,73,110.28571428571429
péplum,Raj,1,146,146,146,146,146.0
unknown,Raj,1,97,97,97,97,97.0
action,Reich,1,85,85,85,85,85.0
comédie,Reich,4,87,92,93,87,90.25
dessin,Reich,1,13,13,13,13,13.0
documentaire,Reich,2,25,75,75,25,50.0
drame,Reich,10,92,103,115,85,99.2
fantastique,Reich,1,119,119,119,119,119.0
film,Reich,5,89,90,118,82,93.8
guerre,Reich,3,82,110,110,82,96.33333333333333
historique,Reich,1,111,111,111,111,111.0
musical,Reich,1,93,93,93,93,93.0
propagande,Reich,1,107,107,107,107,107.0
romantique,Reich,1,95,95,95,95,95.0
science-fiction,Reich,1,120,120,120,120,120.0
romance,Republique,1,101,101,101,101,101.0
animation,Roumanie,3,9,85,85,9,59.666666666666664
biopic,Roumanie,1,110,110,110,110,110.0
comédie,Roumanie,21,87,109,203,76,105.85714285714286
court,Roumanie,1,15,15,15,15,15.0
documentaire,Roumanie,2,70,109,109,70,89.5
dramatique,Roumanie,2,108,120,120,108,114.0
drame,Roumanie,39,93,128,201,30,111.53846153846153
fantasy,Roumanie,1,84,84,84,84,84.0
film,Roumanie,6,93,160,203,90,127.16666666666667
historique,Roumanie,1,120,120,120,120,120.0
horreur,Roumanie,2,89,94,94,89,91.5
policier,Roumanie,3,110,121,121,110,115.33333333333333
unknown,Roumanie,8,73,98,110,15,83.0
comédie,Royaume,2,79,82,82,79,80.5
film,Royaume,1,77,77,77,77,77.0
action,Royaume-Uni,72,90,107,135,2,95.88888888888889
animation,Royaume-Uni,48,57,88,107,3,67.66666666666667
anticipation,Royaume-Uni,2,136,136,136,136,136.0
aventure,Royaume-Uni,79,90,116,218,24,102.17721518987342
aventures,Royaume-Uni,20,95,115,140,11,104.25
biographie,Royaume-Uni,19,91,125,150,46,103.0
biographique,Royaume-Uni,12,100,114,124,87,108.16666666666667
biopic,Royaume-Uni,50,98,118,189,76,110.22
cape,Royaume-Uni,1,102,102,102,102,102.0
chase,Royaume-Uni,1,4,4,4,4,4.0
comédie,Royaume-Uni,680,87,102,141,2,93.30882352941177
court,Royaume-Uni,7,7,24,27,7,14.857142857142858
d'aventures,Royaume-Uni,1,102,102,102,102,102.0
direct-to-video,Royaume-Uni,1,89,89,89,89,89.0
docu,Royaume-Uni,2,10,56,56,10,33.0
docu-fiction,Royaume-Uni,1,95,95,95,95,95.0
docudrame,Royaume-Uni,2,106,108,108,106,107.0
docufiction,Royaume-Uni,2,110,120,120,110,115.0
documentaire,Royaume-Uni,104,60,100,166,1,80.32692307692308
documentaire-fiction,Royaume-Uni,1,48,48,48,48,48.0
dramatique,Royaume-Uni,10,87,100,175,60,97.2
drame,Royaume-Uni,701,90,111,360,4,101.83166904422254
dystopie,Royaume-Uni,1,107,107,107,107,107.0
enfants,Royaume-Uni,1,90,90,90,90,90.0
epouvante-horreur,Royaume-Uni,3,86,98,98,86,93.66666666666667
espionnage,Royaume-Uni,46,103,128,144,76,113.82608695652173
expérimental,Royaume-Uni,4,79,116,607,79,223.0
familial,Royaume-Uni,1,61,61,61,61,61.0
fantastique,Royaume-Uni,50,90,104,125,2,93.0
fantasy,Royaume-Uni,13,102,152,161,94,129.30769230769232
faux,Royaume-Uni,2,94,195,195,94,144.5
film,Royaume-Uni,424,84,106,180,3,94.28537735849056
folk,Royaume-Uni,2,91,100,100,91,95.5
giallo,Royaume-Uni,3,89,110,110,89,96.0
guerre,Royaume-Uni,21,97,133,170,8,109.28571428571429
historique,Royaume-Uni,12,86,113,185,16,103.0
horreur,Royaume-Uni,136,87,96,150,9,92.04411764705883
muet,Royaume-Uni,1,90,90,90,90,90.0
musical,Royaume-Uni,2,92,111,111,92,101.5
mélodrame,Royaume-Uni,4,100,109,116,100,108.0
nonnesploitation,Royaume-Uni,1,75,75,75,75,75.0
néo-noir,Royaume-Uni,4,90,103,103,90,98.75
policier,Royaume-Uni,56,84,104,134,56,94.44642857142857
politique,Royaume-Uni,1,109,109,109,109,109.0
post-apocalyptique,Royaume-Uni,1,111,111,111,111,111.0
péplum,Royaume-Uni,2,97,114,114,97,105.5
road,Royaume-Uni,2,98,107,107,98,102.5
romance,Royaume-Uni,10,80,118,126,50,96.9
romantique,Royaume-Uni,1,100,100,100,100,100.0
réalité,Royaume-Uni,1,117,117,117,117,117.0
science,Royaume-Uni,1,113,113,113,113,113.0
science-fiction,Royaume-Uni,73,90,108,205,24,100.91780821917808
sport,Royaume-Uni,1,96,96,96,96,96.0
thriller,Royaume-Uni,179,89,109,138,61,98.30167597765363
tragédie,Royaume-Uni,2,117,122,122,117,119.5
travelogue,Royaume-Uni,1,4,4,4,4,4.0
téléfilm,Royaume-Uni,10,97,120,180,45,107.2
unknown,Royaume-Uni,55,85,110,158,2,93.23636363636363
western,Royaume-Uni,8,84,98,102,4,82.375
épique,Royaume-Uni,1,122,122,122,122,122.0
épouvante,Royaume-Uni,3,81,185,185,81,117.0
épouvante-horreur,Royaume-Uni,2,90,95,95,90,92.5
érotique,Royaume-Uni,2,90,91,91,90,90.5
biographique,"Royaume-Uni,",1,114,114,114,114,114.0
comédie,"Royaume-Uni,",5,96,112,183,92,117.8
documentaire,"Royaume-Uni,",1,52,52,52,52,52.0
drame,"Royaume-Uni,",1,89,89,89,89,89.0
film,"Royaume-Uni,",1,93,93,93,93,93.0
guerre,"Royaume-Uni,",1,158,158,158,158,158.0
horreur,"Royaume-Uni,",1,90,90,90,90,90.0
unknown,"Royaume-Uni,",2,28,90,90,28,59.0
action,Russie,36,88,114,142,65,103.11111111111111
animation,Russie,19,65,89,103,3,67.26315789473684
aventure,Russie,10,105,121,136,92,111.6
biographie,Russie,7,95,143,330,90,142.57142857142858
cape,Russie,1,112,112,112,112,112.0
catastrophe,Russie,5,120,132,136,116,127.0
comédie,Russie,68,90,108,150,47,99.04411764705883
conte,Russie,2,111,115,115,111,113.0
court,Russie,2,5,15,15,5,10.0
documentaire,Russie,7,43,100,113,6,65.0
dramatique,Russie,1,175,175,175,175,175.0
drame,Russie,191,95,120,181,5,106.48167539267016
espionnage,Russie,1,191,191,191,191,191.0
fantastique,Russie,3,112,127,127,112,119.66666666666667
fantasy,Russie,3,100,136,136,100,114.33333333333333
faux,Russie,1,75,75,75,75,75.0
film,Russie,32,102,130,157,49,116.8125
guerre,Russie,9,96,121,158,68,110.55555555555556
historique,Russie,3,120,143,143,120,129.33333333333334
horreur,Russie,2,90,100,100,90,95.0
mélodrame,Russie,11,90,101,105,82,95.18181818181819
policier,Russie,2,84,105,105,84,94.5
science-fiction,Russie,7,104,134,170,84,124.14285714285714
super-héros,Russie,2,137,150,150,137,143.5
thriller,Russie,14,87,120,153,72,106.07142857142857
unknown,Russie,11,88,132,204,85,118.9090909090909
épopée,Russie,1,6,6,6,6,6.0
action,"Russie,",1,110,110,110,110,110.0
péplum,"Russie,",1,96,96,96,96,96.0
dramatique,Rwanda,1,100,100,100,100,100.0
drame,Rwanda,2,66,97,97,66,81.5
film,Rwanda,1,105,105,105,105,105.0
action,République,3,78,90,90,78,85.33333333333333
animation,République,4,74,75,98,74,80.5
biographie,République,1,106,106,106,106,106.0
biographique,République,1,114,114,114,114,114.0
comédie,République,14,90,120,132,40,100.42857142857143
court,République,1,13,13,13,13,13.0
documentaire,République,29,24,75,116,6,50.62068965517241
dramatique,République,4,93,145,175,93,134.75
drame,République,29,80,117,190,26,98.27586206896552
fantastique,République,1,60,60,60,60,60.0
fantasy,République,1,96,96,96,96,96.0
film,République,3,52,96,96,52,79.0
guerre,République,1,112,112,112,112,112.0
historique,République,1,163,163,163,163,163.0
pornographie,République,2,89,145,145,89,117.0
propagande,République,1,88,88,88,88,88.0
unknown,République,10,54,100,109,52,79.8
documentaire,Salvador,1,88,88,88,88,88.0
drame,Salvador,1,80,80,80,80,80.0
drame,Samoa,1,110,110,110,110,110.0
action,Serbie,2,83,102,102,83,92.5
animation,Serbie,1,103,103,103,103,103.0
aventure,Serbie,1,95,95,95,95,95.0
comédie,Serbie,8,85,104,152,80,102.875
documentaire,Serbie,1,100,100,100,100,100.0
dramatique,Serbie,3,90,125,125,90,102.33333333333333
drame,Serbie,11,98,120,130,79,106.36363636363636
guerre,Serbie,1,150,150,150,150,150.0
horreur,Serbie,1,104,104,104,104,104.0
épouvante-horreur,Serbie,1,101,101,101,101,101.0
documentaire,Sierra,1,26,26,26,26,26.0
comédie,Singapour,2,96,105,105,96,100.5
drame,Singapour,9,90,112,123,75,100.0
thriller,Singapour,1,125,125,125,125,125.0
unknown,Singapour,1,96,96,96,96,96.0
comédie,Slovaquie,1,124,124,124,124,124.0
documentaire,Slovaquie,4,77,96,96,77,87.5
drame,Slovaquie,7,80,107,140,75,98.42857142857143
film,Slovaquie,1,90,90,90,90,90.0
court,Slovénie,1,9,9,9,9,9.0
dramatique,Slovénie,1,90,90,90,90,90.0
drame,Slovénie,4,68,90,112,68,89.25
unknown,Slovénie,1,71,71,71,71,71.0
drame,Somalie,1,82,82,82,82,82.0
documentaire,Sri,1,94,94,94,94,94.0
drame,Sri,6,105,110,124,89,106.83333333333333
action,Suisse,1,92,92,92,92,92.0
animation,Suisse,4,12,80,92,12,62.5
aventure,Suisse,2,85,111,111,85,98.0
biopic,Suisse,1,119,119,119,119,119.0
cinéma,Suisse,1,30,30,30,30,30.0
comédie,Suisse,47,85,100,140,19,92.42553191489361
court,Suisse,5,8,15,18,8,11.8
court-métrage,Suisse,2,9,9,9,9,9.0
docufiction,Suisse,3,90,100,100,90,93.33333333333333
documentaire,Suisse,79,64,93,330,5,82.32911392405063
dramatique,Suisse,1,111,111,111,111,111.0
drame,Suisse,98,90,105,151,16,98.01020408163265
expérimental,Suisse,1,19,19,19,19,19.0
film,Suisse,15,80,103,113,40,85.66666666666667
film-collage,Suisse,1,85,85,85,85,85.0
guerre,Suisse,1,96,96,96,96,96.0
histoire,Suisse,1,116,116,116,116,116.0
historique,Suisse,1,90,90,90,90,90.0
horreur,Suisse,2,19,86,86,19,52.5
policier,Suisse,5,90,98,112,16,82.2
pornographie,Suisse,1,84,84,84,84,84.0
romance,Suisse,2,20,115,115,20,67.5
science-fiction,Suisse,1,108,108,108,108,108.0
thriller,Suisse,4,88,104,104,88,97.0
unknown,Suisse,19,50,100,135,17,78.26315789473684
érotique,Suisse,1,79,79,79,79,79.0
documentaire,"Suisse,",1,78,78,78,78,78.0
drame,"Suisse,",1,91,91,91,91,91.0
action,Suède,7,90,128,139,12,99.57142857142857
animation,Suède,3,15,76,76,15,55.333333333333336
arts,Suède,1,31,31,31,31,31.0
aventure,Suède,19,77,96,140,34,86.6842105263158
biographie,Suède,1,110,110,110,110,110.0
biopic,Suède,8,110,118,276,108,139.25
comédie,Suède,78,89,104,149,72,97.3076923076923
court,Suède,2,12,14,14,12,13.0
documentaire,Suède,22,75,100,420,14,96.36363636363636
dramatique,Suède,4,92,92,106,92,95.5
drame,Suède,216,91,107,333,15,102.18981481481481
expérimental,Suède,1,200,200,200,200,200.0
fantastique,Suède,3,25,144,144,25,95.0
film,Suède,23,81,105,129,71,96.04347826086956
guerre,Suède,1,65,65,65,65,65.0
horreur,Suède,4,3,95,115,3,71.25
jan,Suède,1,83,83,83,83,83.0
policier,Suède,5,87,106,110,78,95.2
rape,Suède,1,108,108,108,108,108.0
romance,Suède,3,17,115,115,17,73.0
récit,Suède,1,169,169,169,169,169.0
science-fiction,Suède,1,106,106,106,106,106.0
thriller,Suède,9,104,129,152,90,118.44444444444444
unknown,Suède,16,77,99,136,58,93.0
érotique,Suède,1,90,90,90,90,90.0
documentaire,Syrie,3,89,128,128,89,109.0
drame,Syrie,2,115,120,120,115,117.5
film,Syrie,2,120,158,158,120,139.0
documentaire,"Syrie,",1,102,102,102,102,102.0
animation,Sénégal,2,3,10,10,3,6.5
comédie,Sénégal,5,20,45,56,16,36.0
docufiction,Sénégal,1,98,98,98,98,98.0
documentaire,Sénégal,11,26,75,87,5,48.81818181818182
drame,Sénégal,18,33,101,120,18,77.94444444444444
fiction,Sénégal,1,92,92,92,92,92.0
film,Sénégal,7,52,86,103,49,68.85714285714286
thriller,Sénégal,2,76,84,84,76,80.0
unknown,Sénégal,8,26,90,110,15,70.125
comédie,Tadjikistan,1,89,89,89,89,89.0
drame,Tadjikistan,2,90,92,92,90,91.0
unknown,Taiwan,1,97,97,97,97,97.0
documentaire,Tanzanie,1,45,45,45,45,45.0
drame,Tanzanie,1,30,30,30,30,30.0
action,Taïwan,6,94,140,276,86,133.0
animation,Taïwan,1,90,90,90,90,90.0
biopic,Taïwan,1,105,105,105,105,105.0
comédie,Taïwan,16,105,115,130,82,111.25
drame,Taïwan,47,104,126,237,80,117.72340425531915
film,Taïwan,2,91,93,93,91,92.0
guerre,Taïwan,1,122,122,122,122,122.0
horreur,Taïwan,4,97,106,106,97,102.0
policier,Taïwan,1,128,128,128,128,128.0
romance,Taïwan,2,83,105,105,83,94.0
thriller,Taïwan,1,112,112,112,112,112.0
unknown,Taïwan,2,91,100,100,91,95.5
wu,Taïwan,1,120,120,120,120,120.0
comédie,"Taïwan,",1,85,85,85,85,85.0
documentaire,Tchad,1,50,50,50,50,50.0
drame,Tchad,4,81,90,95,81,88.25
animation,Tchécoslovaquie,24,13,76,93,7,43.75
aventure,Tchécoslovaquie,5,74,86,89,69,80.2
comédie,Tchécoslovaquie,43,83,98,129,31,90.30232558139535
conte,Tchécoslovaquie,2,76,88,88,76,82.0
documentaire,Tchécoslovaquie,2,45,70,70,45,57.5
dramatique,Tchécoslovaquie,1,103,103,103,103,103.0
drame,Tchécoslovaquie,43,82,97,162,25,88.74418604651163
fantastique,Tchécoslovaquie,5,84,89,102,81,88.0
film,Tchécoslovaquie,4,86,93,99,86,92.0
horreur,Tchécoslovaquie,2,77,92,92,77,84.5
policier,Tchécoslovaquie,1,72,72,72,72,72.0
unknown,Tchécoslovaquie,4,12,102,106,12,75.5
western,Tchécoslovaquie,1,98,98,98,98,98.0
documentaire,"Tchécoslovaquie,",1,60,60,60,60,60.0
animation,Tchéquie,7,80,97,100,80,87.57142857142857
aventure,Tchéquie,1,111,111,111,111,111.0
biopic,Tchéquie,1,131,131,131,131,131.0
comédie,Tchéquie,7,92,120,123,83,106.0
dramatique,Tchéquie,1,90,90,90,90,90.0
drame,Tchéquie,5,100,102,114,100,103.2
fantastique,Tchéquie,1,92,92,92,92,92.0
film,Tchéquie,1,85,85,85,85,85.0
guerre,Tchéquie,1,125,125,125,125,125.0
historique,Tchéquie,1,102,102,102,102,102.0
action,Thaïlande,27,91,115,185,77,108.25925925925925
animation,Thaïlande,2,82,88,88,82,85.0
arts,Thaïlande,2,95,112,112,95,103.5
aventure,Thaïlande,2,92,95,95,92,93.5
biopic,Thaïlande,1,110,110,110,110,110.0
comédie,Thaïlande,21,102,118,130,90,109.85714285714286
dramatique,Thaïlande,1,80,80,80,80,80.0
drame,Thaïlande,25,105,120,186,82,112.2
fantastique,Thaïlande,1,115,115,115,115,115.0
film,Thaïlande,2,95,116,116,95,105.5
historique,Thaïlande,1,109,109,109,109,109.0
horreur,Thaïlande,9,91,97,103,80,93.33333333333333
policier,Thaïlande,1,90,90,90,90,90.0
pornographie,Thaïlande,1,42,42,42,42,42.0
super-héros,Thaïlande,1,130,130,130,130,130.0
thriller,Thaïlande,4,105,110,115,105,108.75
unknown,Thaïlande,7,92,110,130,85,102.85714285714286
documentaire,Tibet,1,86,86,86,86,86.0
road,Tibet,1,117,117,117,117,117.0
drame,Timor,1,101,101,101,101,101.0
documentaire,Togo,2,29,52,52,29,40.5
film,Togo,1,35,35,35,35,35.0
unknown,Togo,1,52,52,52,52,52.0
animation,Tunisie,1,13,13,13,13,13.0
aventure,Tunisie,1,80,80,80,80,80.0
biopic,Tunisie,1,105,105,105,105,105.0
comédie,Tunisie,5,95,100,110,26,85.6
documentaire,Tunisie,4,18,80,90,18,62.0
drame,Tunisie,37,90,102,124,17,95.62162162162163
film,Tunisie,4,90,110,110,90,103.5
thriller,Tunisie,2,91,99,99,91,95.0
unknown,Tunisie,11,90,102,110,75,92.72727272727273
animation,Turquie,1,86,86,86,86,86.0
aventure,Turquie,3,75,127,127,75,99.0
biographie,Turquie,2,114,138,138,114,126.0
biopic,Turquie,1,136,136,136,136,136.0
comédie,Turquie,17,89,110,130,60,99.47058823529412
court,Turquie,1,4,4,4,4,4.0
documentaire,Turquie,6,38,79,114,16,60.5
dramatique,Turquie,3,122,188,188,122,163.33333333333334
drame,Turquie,52,95,116,197,14,108.3076923076923
film,Turquie,5,91,115,165,90,111.4
guerre,Turquie,1,128,128,128,128,128.0
horreur,Turquie,1,97,97,97,97,97.0
rape,Turquie,1,90,90,90,90,90.0
science-fiction,Turquie,1,91,91,91,91,91.0
thriller,Turquie,1,116,116,116,116,116.0
unknown,Turquie,1,122,122,122,122,122.0
western,Turquie,1,85,85,85,85,85.0
science-fiction,U.S.A.,1,88,88,88,88,88.0
comédie,URSS,4,36,96,184,36,98.25
drame,URSS,4,81,108,111,81,98.25
unknown,URSS,5,94,101,105,94,98.2
documentaire,USA,4,81,195,358,81,184.75
drame,USA,1,62,62,62,62,62.0
unknown,USA,1,57,57,57,57,57.0
western,USA,1,87,87,87,87,87.0
animation,Ukraine,2,90,99,99,90,94.5
comédie,Ukraine,7,100,115,124,100,109.14285714285714
documentaire,Ukraine,9,74,120,138,10,93.11111111111111
drame,Ukraine,28,91,110,153,4,97.17857142857143
expérimental,Ukraine,1,15,15,15,15,15.0
guerre,Ukraine,1,102,102,102,102,102.0
unknown,Ukraine,6,75,115,140,69,98.16666666666667
[biographie,Union,1,81,81,81,81,81.0
action,Union,3,73,245,245,73,138.0
actualités,Union,1,15,15,15,15,15.0
animation,Union,11,10,29,43,10,21.454545454545453
aventure,Union,15,75,100,223,48,98.06666666666666
aventures,Union,3,78,88,88,78,82.0
biographie,Union,1,194,194,194,194,194.0
biographique,Union,1,114,114,114,114,114.0
biopic,Union,7,108,146,187,100,126.85714285714286
comédie,Union,125,79,98,216,25,91.384
conte,Union,3,10,62,62,10,41.333333333333336
court,Union,1,10,10,10,10,10.0
documentaire,Union,14,53,88,142,17,69.21428571428571
dramatique,Union,1,106,106,106,106,106.0
drame,Union,367,86,108,447,14,105.15531335149863
expérimental,Union,2,75,80,80,75,77.5
fable,Union,2,8,19,19,8,13.5
fantastique,Union,4,72,87,101,72,85.25
fantasy,Union,21,73,91,143,64,86.38095238095238
fiction,Union,1,135,135,135,135,135.0
film,Union,138,80,137,455,9,114.02173913043478
film-ballet,Union,1,93,93,93,93,93.0
film-conte,Union,1,105,105,105,105,105.0
guerre,Union,8,91,95,137,75,97.5
historique,Union,7,86,140,168,69,119.71428571428571
musical,Union,21,87,100,147,74,96.52380952380952
mélodrame,Union,38,87,105,345,71,111.89473684210526
mélorame,Union,1,170,170,170,170,170.0
ostern,Union,4,9,92,104,9,72.5
policier,Union,6,83,134,159,83,105.33333333333333
romance,Union,2,83,96,96,83,89.5
romantique,Union,1,158,158,158,158,158.0
science-fiction,Union,12,84,142,163,77,119.16666666666667
thriller,Union,5,80,95,157,71,99.4
unknown,Union,72,73,100,338,5,90.70833333333333
épique,Union,1,350,350,350,350,350.0
unknown,United,1,102,102,102,102,102.0
aventure,Uruguay,1,80,80,80,80,80.0
comédie,Uruguay,5,90,100,120,62,94.4
dramatique,Uruguay,1,78,78,78,78,78.0
drame,Uruguay,1,84,84,84,84,84.0
film,Uruguay,2,122,122,122,122,122.0
horreur,Uruguay,1,86,86,86,86,86.0
science-fiction,Uruguay,1,5,5,5,5,5.0
action,Venezuela,1,90,90,90,90,90.0
biographie,Venezuela,1,119,119,119,119,119.0
comédie,Venezuela,2,102,120,120,102,111.0
documentaire,Venezuela,1,52,52,52,52,52.0
dramatique,Venezuela,1,104,104,104,104,104.0
drame,Venezuela,4,92,97,100,92,95.5
film,Venezuela,3,100,120,120,100,106.66666666666667
horreur,Venezuela,2,98,101,101,98,99.5
mystère,Venezuela,1,95,95,95,95,95.0
thriller,Venezuela,1,100,100,100,100,100.0
action,Viêt,1,98,98,98,98,98.0
comédie,Viêt,2,92,114,114,92,103.0
drame,Viêt,12,92,104,182,85,106.33333333333333
film,Viêt,2,98,142,142,98,120.0
action,Yougoslavie,2,102,133,133,102,117.5
animation,Yougoslavie,1,75,75,75,75,75.0
aventure,Yougoslavie,4,83,122,122,83,105.75
cinéma,Yougoslavie,1,105,105,105,105,105.0
comédie,Yougoslavie,29,87,98,136,81,95.65517241379311
documentaire,Yougoslavie,1,75,75,75,75,75.0
dramatique,Yougoslavie,1,93,93,93,93,93.0
drame,Yougoslavie,46,89,105,132,79,97.52173913043478
espionnage,Yougoslavie,1,125,125,125,125,125.0
film,Yougoslavie,10,90,103,116,88,98.4
guerre,Yougoslavie,4,85,104,128,85,103.0
historique,Yougoslavie,1,97,97,97,97,97.0
horreur,Yougoslavie,1,80,80,80,80,80.0
drame,Yémen,2,91,96,96,91,93.5
comédie,Zimbabwe,2,92,101,101,92,96.5
documentaire,Zimbabwe,1,85,85,85,85,85.0
drame,Zimbabwe,3,90,110,110,90,101.0
action,Égypte,1,115,115,115,115,115.0
animation,Égypte,1,3,3,3,3,3.0
biopic,Égypte,1,135,135,135,135,135.0
comédie,Égypte,15,102,122,129,30,107.86666666666666
documentaire,Égypte,3,23,90,90,23,55.0
dramatique,Égypte,5,105,105,105,85,101.0
drame,Égypte,23,94,125,165,15,106.95652173913044
fiction,Égypte,3,8,110,110,8,72.66666666666667
film,Égypte,7,61,119,175,52,96.57142857142857
mélodrame,Égypte,2,94,105,105,94,99.5
policier,Égypte,1,105,105,105,105,105.0
romance,Égypte,1,278,278,278,278,278.0
thriller,Égypte,1,120,120,120,120,120.0
unknown,Égypte,3,97,125,125,97,109.0
épouvante,Égypte,1,88,88,88,88,88.0
drame,"Égypte,",1,55,55,55,55,55.0
aventure,Émirats,1,161,161,161,161,161.0
guerre,Émirats,1,102,102,102,102,102.0
horreur,Émirats,1,85,85,85,85,85.0
biopic,Équateur,1,92,92,92,92,92.0
drame,Équateur,3,67,98,98,67,77.33333333333333
comédie,États,1,99,99,99,99,99.0
abstrait,États-Unis,1,2,2,2,2,2.0
action,États-Unis,962,90,109,330,6,100.79521829521829
ados,États-Unis,1,82,82,82,82,82.0
animation,États-Unis,1068,7,85,141,2,49.646067415730336
anime,États-Unis,1,89,89,89,89,89.0
anti-western,États-Unis,4,92,108,110,92,102.0
anticipation,États-Unis,1,126,126,126,126,126.0
art,États-Unis,1,92,92,92,92,92.0
arts,États-Unis,9,101,127,140,95,113.44444444444444
autobiographie,États-Unis,1,90,90,90,90,90.0
aventure,États-Unis,369,82,106,440,22,96.16260162601625
aventure-comédie,États-Unis,1,102,102,102,102,102.0
aventures,États-Unis,91,94,127,282,37,114.16483516483517
ballet,États-Unis,1,30,30,30,30,30.0
biographie,États-Unis,79,98,123,193,62,112.87341772151899
biographique,États-Unis,5,112,124,143,94,119.0
biopic,États-Unis,167,97,125,215,43,113.77844311377245
biopoc,États-Unis,2,95,114,114,95,104.5
blaxploitation,États-Unis,5,93,94,96,90,93.4
body,États-Unis,3,89,140,140,89,123.0
buddy,États-Unis,1,75,75,75,75,75.0
cape,États-Unis,3,105,132,132,105,114.0
captation,États-Unis,1,89,89,89,89,89.0
cartoon,États-Unis,5,7,7,8,6,7.0
casse,États-Unis,1,117,117,117,117,117.0
catastrophe,États-Unis,71,98,130,180,60,119.52112676056338
chansons,États-Unis,1,10,10,10,10,10.0
chronique,États-Unis,2,81,85,85,81,83.0
cinéma,États-Unis,19,10,23,103,4,29.263157894736842
clip,États-Unis,1,14,14,14,14,14.0
comedie,États-Unis,1,99,99,99,99,99.0
comédie,États-Unis,5556,81,103,408,2,87.46418286537077
comédie.,États-Unis,1,85,85,85,85,85.0
contes,États-Unis,1,129,129,129,129,129.0
court,États-Unis,41,7,21,31,3,14.390243902439025
court-métrage,États-Unis,3,18,45,45,18,36.0
courts,États-Unis,1,8,8,8,8,8.0
crime,États-Unis,6,81,90,97,66,84.16666666666667
criminel,États-Unis,1,61,61,61,61,61.0
danse,États-Unis,1,126,126,126,126,126.0
dessin,États-Unis,65,6,8,79,3,8.107692307692307
dessin-animé,États-Unis,55,7,7,8,6,6.909090909090909
docu,États-Unis,1,104,104,104,104,104.0
docudrame,États-Unis,1,85,85,85,85,85.0
docufiction,États-Unis,5,67,86,89,60,77.0
documentaire,États-Unis,599,75,103,485,4,90.25876460767947
documenteur,États-Unis,1,56,56,56,56,56.0
drama,États-Unis,1,88,88,88,88,88.0
dramatique,États-Unis,64,89,100,210,50,98.0625
drame,États-Unis,3622,83,112,480,5,97.29624516841524
drame/romance/guerre,États-Unis,1,105,105,105,105,105.0
dystopie,États-Unis,1,109,109,109,109,109.0
désastre,États-Unis,2,85,93,93,85,89.0
emission/concert,États-Unis,1,75,75,75,75,75.0
epouvante-,États-Unis,3,83,88,88,83,85.33333333333333
epouvante-horreur,États-Unis,14,89,112,134,85,103.71428571428571
espionnage,États-Unis,62,97,132,300,30,116.53225806451613
exploitation,États-Unis,1,86,86,86,86,86.0
expérimental,États-Unis,12,28,75,182,3,60.666666666666664
famille,États-Unis,5,85,90,90,69,83.8
fantaisie,États-Unis,1,130,130,130,130,130.0
fantastique,États-Unis,276,91,117,188,29,102.85144927536231
fantasy,États-Unis,48,93,130,201,2,112.625
faux,États-Unis,2,88,92,92,88,90.0
film,États-Unis,2124,70,101,420,2,83.53483992467044
gangster,États-Unis,1,97,97,97,97,97.0
gangsters,États-Unis,5,170,175,202,146,173.6
giallo,États-Unis,1,106,106,106,106,106.0
guerre,États-Unis,126,96,134,190,31,116.28571428571429
heroic,États-Unis,3,88,136,136,88,110.0
hicksploitation,États-Unis,2,88,95,95,88,91.5
historique,États-Unis,19,87,141,254,10,121.89473684210526
horeur,États-Unis,1,83,83,83,83,83.0
horreur,États-Unis,956,86,98,168,9,92.06903765690376
héroic,États-Unis,1,96,96,96,96,96.0
image,États-Unis,1,85,85,85,85,85.0
initiatique,États-Unis,2,98,99,99,98,98.5
kung-fu,États-Unis,2,96,98,98,96,97.0
mondo,États-Unis,1,151,151,151,151,151.0
muet,États-Unis,3,10,78,78,10,52.666666666666664
musical,États-Unis,50,83,112,165,10,96.12
mystère,États-Unis,17,68,95,198,50,85.6470588235294
mélodrame,États-Unis,111,70,100,165,14,86.61261261261261
nonnesploitation,États-Unis,1,90,90,90,90,90.0
néo-,États-Unis,2,94,104,104,94,99.0
néo-noir,États-Unis,20,97,114,134,87,107.55
parodie,États-Unis,9,77,97,131,4,82.11111111111111
policier,États-Unis,258,84,106,200,14,94.43410852713178
politique-fiction,États-Unis,1,200,200,200,200,200.0
pornographie,États-Unis,18,81,172,347,39,128.38888888888889
pornographique,États-Unis,1,100,100,100,100,100.0
post-apocalyptique,États-Unis,1,82,82,82,82,82.0
propagande,États-Unis,1,5,5,5,5,5.0
préquelle,États-Unis,1,110,110,110,110,110.0
péplum,États-Unis,32,99,142,222,72,127.59375
race,États-Unis,1,54,54,54,54,54.0
rape,États-Unis,2,93,107,107,93,100.0
road,États-Unis,13,95,114,138,85,105.0
romance,États-Unis,60,82,100,172,30,94.35
romantique,États-Unis,8,81,109,115,50,95.125
réalité,États-Unis,1,17,17,17,17,17.0
science,États-Unis,2,71,75,75,71,73.0
science-fiction,États-Unis,663,90,118,252,11,106.11463046757164
screwball,États-Unis,5,81,94,102,76,89.4
seduction,États-Unis,1,78,78,78,78,78.0
serial,États-Unis,8,211,263,285,210,240.875
sexploitation,États-Unis,1,70,70,70,70,70.0
sketches,États-Unis,1,108,108,108,108,108.0
slasher,États-Unis,9,88,91,100,81,90.33333333333333
slasher/horreur,États-Unis,1,110,110,110,110,110.0
soap,États-Unis,1,120,120,120,120,120.0
spectacle,États-Unis,1,93,93,93,93,93.0
sport,États-Unis,1,76,76,76,76,76.0
stand-up,États-Unis,1,62,62,62,62,62.0
stoner,États-Unis,3,75,86,86,75,82.0
super-héros,États-Unis,59,113,137,263,8,132.6949152542373
survie,États-Unis,1,120,120,120,120,120.0
survie/horreur,États-Unis,1,95,95,95,95,95.0
suspense,États-Unis,10,86,104,176,6,95.1
techno-thriller,États-Unis,5,102,110,133,75,105.6
teen,États-Unis,5,88,109,137,87,104.0
thriller,États-Unis,1052,92,112,240,8,102.65779467680608
tragédique,États-Unis,1,192,192,192,192,192.0
triller/drame,États-Unis,1,120,120,120,120,120.0
téléfilm,États-Unis,37,87,96,174,22,93.72972972972973
téléréalité,États-Unis,1,60,60,60,60,60.0
underground,États-Unis,1,33,33,33,33,33.0
unknown,États-Unis,1062,60,96,627,2,76.48775894538606
western,États-Unis,837,58,98,310,7,81.76463560334528
éducatif,États-Unis,1,20,20,20,20,20.0
épouvante,États-Unis,10,80,98,106,75,89.3
épouvante-,États-Unis,1,87,87,87,87,87.0
épouvante-horreur,États-Unis,38,89,104,118,86,95.89473684210526
érotico,États-Unis,2,84,90,90,84,87.0
érotique,États-Unis,9,75,89,93,50,79.55555555555556
éspionnage,États-Unis,1,93,93,93,93,93.0
animation,"États-Unis,",2,5,45,45,5,25.0
aventure,"États-Unis,",1,120,120,120,120,120.0
aventures,"États-Unis,",1,121,121,121,121,121.0
comédie,"États-Unis,",7,90,100,101,15,84.0
documentaire,"États-Unis,",1,52,52,52,52,52.0
drame,"États-Unis,",6,98,134,190,93,124.0
film,"États-Unis,",2,96,107,107,96,101.5
horreur,"États-Unis,",2,90,102,102,90,96.0
policier,"États-Unis,",1,100,100,100,100,100.0
science-fiction,"États-Unis,",1,162,162,162,162,162.0
thriller,"États-Unis,",4,91,97,117,91,99.25
unknown,"États-Unis,",3,82,117,117,82,98.33333333333333
fantastique,"États-Unis,,",1,112,112,112,112,112.0
documentaire,Éthiopie,1,10,10,10,10,10.0
drame,Éthiopie,5,99,140,150,94,121.6
fiction,Éthiopie,1,93,93,93,93,93.0
unknown,Éthiopie,3,52,107,107,52,72.0
